make,make_snake,model,model_snake,engine_aspiration,is_bev,is_popular
Acura,acura,Integra,integra,Turbocharged,No,Yes
Acura,acura,MDX,mdx,Naturally Aspirated,No,Yes
Acura,acura,MDX,mdx,Turbocharged,No,Yes
Acura,acura,RDX,rdx,Turbocharged,No,Yes
Acura,acura,TLX,tlx,Turbocharged,No,Yes
Acura,acura,ILX,ilx,Naturally Aspirated,No,Yes
Acura,acura,NSX,nsx,Twin-Turbo,No,Yes
Acura,acura,RLX,rlx,Naturally Aspirated,No,Yes
Acura,acura,TLX,tlx,Naturally Aspirated,No,Yes
Acura,acura,RDX,rdx,Naturally Aspirated,No,Yes
Acura,acura,ILX Hybrid,ilx_hybrid,Naturally Aspirated,No,Yes
Acura,acura,TL,tl,Naturally Aspirated,No,Yes
Acura,acura,TSX,tsx,Naturally Aspirated,No,Yes
Acura,acura,TSX Sport Wagon,tsx_sport_wagon,Naturally Aspirated,No,Yes
Acura,acura,ZDX,zdx,Naturally Aspirated,No,Yes
Acura,acura,RL,rl,Naturally Aspirated,No,Yes
Acura,acura,RSX,rsx,Naturally Aspirated,No,Yes
Acura,acura,NSX,nsx,Naturally Aspirated,No,Yes
Acura,acura,CL,cl,Naturally Aspirated,No,Yes
Acura,acura,Integra,integra,Naturally Aspirated,No,Yes
Acura,acura,SLX,slx,Naturally Aspirated,No,Yes
Acura,acura,Legend,legend,Naturally Aspirated,No,Yes
Acura,acura,Vigor,vigor,Naturally Aspirated,No,Yes
Alfa Romeo,alfa_romeo,Giulia,giulia,Turbocharged,No,No
Alfa Romeo,alfa_romeo,Giulia,giulia,Twin-Turbo,No,No
Alfa Romeo,alfa_romeo,Stelvio,stelvio,Turbocharged,No,No
Alfa Romeo,alfa_romeo,Stelvio,stelvio,Twin-Turbo,No,No
Alfa Romeo,alfa_romeo,Tonale,tonale,Turbocharged,No,No
Alfa Romeo,alfa_romeo,4C,4_c,Turbocharged,No,No
Aston Martin,aston_martin,DBX707,dbx_707,Twin-Turbo,No,No
Aston Martin,aston_martin,DB11,db_11,Twin-Turbo,No,No
Aston Martin,aston_martin,DBS,dbs,Twin-Turbo,No,No
Aston Martin,aston_martin,DBX,dbx,Twin-Turbo,No,No
Aston Martin,aston_martin,Vantage,vantage,Twin-Turbo,No,No
Aston Martin,aston_martin,DBS Superleggera,dbs_superleggera,Twin-Turbo,No,No
Aston Martin,aston_martin,Rapide AMR,rapide_amr,Naturally Aspirated,No,No
Aston Martin,aston_martin,Vanquish S,vanquish_s,Naturally Aspirated,No,No
Aston Martin,aston_martin,Rapide S,rapide_s,Naturally Aspirated,No,No
Aston Martin,aston_martin,V12 Vantage S,v_12_vantage_s,Naturally Aspirated,No,No
Aston Martin,aston_martin,Vanquish,vanquish,Naturally Aspirated,No,No
Aston Martin,aston_martin,DB9 GT,db_9_gt,Naturally Aspirated,No,No
Aston Martin,aston_martin,V8 Vantage,v_8_vantage,Naturally Aspirated,No,No
Aston Martin,aston_martin,DB9,db_9,Naturally Aspirated,No,No
Aston Martin,aston_martin,DBS,dbs,Naturally Aspirated,No,No
Aston Martin,aston_martin,Rapide,rapide,Naturally Aspirated,No,No
Aston Martin,aston_martin,V12 Vantage,v_12_vantage,Naturally Aspirated,No,No
Aston Martin,aston_martin,Virage,virage,Naturally Aspirated,No,No
Aston Martin,aston_martin,V12 Vanquish,v_12_vanquish,Naturally Aspirated,No,No
Aston Martin,aston_martin,DB7,db_7,Naturally Aspirated,No,No
Audi,audi,A3,a_3,Turbocharged,No,Yes
Audi,audi,A4,a_4,Turbocharged,No,Yes
Audi,audi,A4 allroad,a_4_allroad,Turbocharged,No,Yes
Audi,audi,A5,a_5,Turbocharged,No,Yes
Audi,audi,A6,a_6,Turbocharged,No,Yes
Audi,audi,A6 allroad,a_6_allroad,Turbocharged,No,Yes
Audi,audi,A7,a_7,Turbocharged,No,Yes
Audi,audi,A8,a_8,Turbocharged,No,Yes
Audi,audi,Q3,q_3,Turbocharged,No,Yes
Audi,audi,Q4 Sportback e-tron,q_4_sportback_e_tron,Electric Motor,Yes,Yes
Audi,audi,Q4 e-tron,q_4_e_tron,Electric Motor,Yes,Yes
Audi,audi,Q5,q_5,Turbocharged,No,Yes
Audi,audi,Q5 Sportback,q_5_sportback,Turbocharged,No,Yes
Audi,audi,Q7,q_7,Turbocharged,No,Yes
Audi,audi,Q8,q_8,Turbocharged,No,Yes
Audi,audi,Q8 Sportback e-tron,q_8_sportback_e_tron,Electric Motor,Yes,Yes
Audi,audi,Q8 e-tron,q_8_e_tron,Electric Motor,Yes,Yes
Audi,audi,RS 3,rs_3,Turbocharged,No,Yes
Audi,audi,RS 5,rs_5,Twin-Turbo,No,Yes
Audi,audi,RS 6,rs_6,Twin-Turbo,No,Yes
Audi,audi,RS 7,rs_7,Twin-Turbo,No,Yes
Audi,audi,RS Q8,rs_q_8,Twin-Turbo,No,Yes
Audi,audi,RS e-tron GT,rs_e_tron_gt,Electric Motor,Yes,Yes
Audi,audi,S3,s_3,Turbocharged,No,Yes
Audi,audi,S4,s_4,Turbocharged,No,Yes
Audi,audi,S5,s_5,Turbocharged,No,Yes
Audi,audi,S6,s_6,Twincharged,No,Yes
Audi,audi,S7,s_7,Twincharged,No,Yes
Audi,audi,S8,s_8,Twin-Turbo,No,Yes
Audi,audi,SQ5,sq_5,Turbocharged,No,Yes
Audi,audi,SQ5 Sportback,sq_5_sportback,Turbocharged,No,Yes
Audi,audi,SQ7,sq_7,Twin-Turbo,No,Yes
Audi,audi,SQ8,sq_8,Twin-Turbo,No,Yes
Audi,audi,SQ8 Sportback e-tron,sq_8_sportback_e_tron,Electric Motor,Yes,Yes
Audi,audi,SQ8 e-tron,sq_8_e_tron,Electric Motor,Yes,Yes
Audi,audi,e-tron GT,e_tron_gt,Electric Motor,Yes,Yes
Audi,audi,R8,r_8,Naturally Aspirated,No,Yes
Audi,audi,TT,tt,Turbocharged,No,Yes
Audi,audi,TTS,tts,Turbocharged,No,Yes
Audi,audi,e-tron,e_tron,Electric Motor,Yes,Yes
Audi,audi,e-tron S,e_tron_s,Electric Motor,Yes,Yes
Audi,audi,e-tron S Sportback,e_tron_s_sportback,Electric Motor,Yes,Yes
Audi,audi,e-tron Sportback,e_tron_sportback,Electric Motor,Yes,Yes
Audi,audi,TT RS,tt_rs,Turbocharged,No,Yes
Audi,audi,A8,a_8,Twin-Turbo,No,Yes
Audi,audi,Q7,q_7,Supercharged,No,Yes
Audi,audi,A3 Sportback e-tron,a_3_sportback_e_tron,Turbocharged,No,Yes
Audi,audi,A6,a_6,Supercharged,No,Yes
Audi,audi,A7,a_7,Supercharged,No,Yes
Audi,audi,A8,a_8,Supercharged,No,Yes
Audi,audi,S6,s_6,Twin-Turbo,No,Yes
Audi,audi,S7,s_7,Twin-Turbo,No,Yes
Audi,audi,Q5,q_5,Supercharged,No,Yes
Audi,audi,S5,s_5,Supercharged,No,Yes
Audi,audi,SQ5,sq_5,Supercharged,No,Yes
Audi,audi,A8,a_8,Naturally Aspirated,No,Yes
Audi,audi,S4,s_4,Supercharged,No,Yes
Audi,audi,allroad,allroad,Turbocharged,No,Yes
Audi,audi,RS 5,rs_5,Naturally Aspirated,No,Yes
Audi,audi,Q5,q_5,Naturally Aspirated,No,Yes
Audi,audi,S5,s_5,Naturally Aspirated,No,Yes
Audi,audi,A6,a_6,Naturally Aspirated,No,Yes
Audi,audi,S6,s_6,Naturally Aspirated,No,Yes
Audi,audi,A5,a_5,Naturally Aspirated,No,Yes
Audi,audi,Q7,q_7,Naturally Aspirated,No,Yes
Audi,audi,A3,a_3,Naturally Aspirated,No,Yes
Audi,audi,A4,a_4,Naturally Aspirated,No,Yes
Audi,audi,S4,s_4,Naturally Aspirated,No,Yes
Audi,audi,S8,s_8,Naturally Aspirated,No,Yes
Audi,audi,TT,tt,Naturally Aspirated,No,Yes
Audi,audi,RS 4,rs_4,Naturally Aspirated,No,Yes
Audi,audi,allroad quattro,allroad_quattro,Twin-Turbo,No,Yes
Audi,audi,allroad quattro,allroad_quattro,Naturally Aspirated,No,Yes
Audi,audi,A6,a_6,Twin-Turbo,No,Yes
Audi,audi,S4,s_4,Twin-Turbo,No,Yes
Audi,audi,Cabriolet,cabriolet,Naturally Aspirated,No,Yes
Audi,audi,90,90,Naturally Aspirated,No,Yes
Audi,audi,S6,s_6,Turbocharged,No,Yes
Audi,audi,100,100,Naturally Aspirated,No,Yes
Audi,audi,V8,v_8,Naturally Aspirated,No,Yes
Audi,audi,80,80,Naturally Aspirated,No,Yes
Audi,audi,200,200,Turbocharged,No,Yes
BMW,bmw,2 Series,2_series,Turbocharged,No,Yes
BMW,bmw,2 Series Gran Coupe,2_series_gran_coupe,Turbocharged,No,Yes
BMW,bmw,3 Series,3_series,Turbocharged,No,Yes
BMW,bmw,4 Series,4_series,Turbocharged,No,Yes
BMW,bmw,4 Series Gran Coupe,4_series_gran_coupe,Turbocharged,No,Yes
BMW,bmw,5 Series,5_series,Turbocharged,No,Yes
BMW,bmw,7 Series,7_series,Turbocharged,No,Yes
BMW,bmw,7 Series,7_series,Twin-Turbo,No,Yes
BMW,bmw,8 Series,8_series,Turbocharged,No,Yes
BMW,bmw,8 Series,8_series,Twin-Turbo,No,Yes
BMW,bmw,8 Series Gran Coupe,8_series_gran_coupe,Turbocharged,No,Yes
BMW,bmw,8 Series Gran Coupe,8_series_gran_coupe,Twin-Turbo,No,Yes
BMW,bmw,ALPINA B8 Gran Coupe,alpina_b_8_gran_coupe,Twin-Turbo,No,Yes
BMW,bmw,ALPINA XB7,alpina_xb_7,Twin-Turbo,No,Yes
BMW,bmw,M2,m_2,Twin-Turbo,No,Yes
BMW,bmw,M3,m_3,Twin-Turbo,No,Yes
BMW,bmw,M3 CS,m_3_cs,Twin-Turbo,No,Yes
BMW,bmw,M4,m_4,Twin-Turbo,No,Yes
BMW,bmw,M8,m_8,Twin-Turbo,No,Yes
BMW,bmw,M8 Gran Coupe,m_8_gran_coupe,Twin-Turbo,No,Yes
BMW,bmw,X1,x_1,Turbocharged,No,Yes
BMW,bmw,X3,x_3,Turbocharged,No,Yes
BMW,bmw,X3 M,x_3_m,Twin-Turbo,No,Yes
BMW,bmw,X4,x_4,Turbocharged,No,Yes
BMW,bmw,X4 M,x_4_m,Twin-Turbo,No,Yes
BMW,bmw,X5,x_5,Twin-Turbo,No,Yes
BMW,bmw,X5,x_5,Turbocharged,No,Yes
BMW,bmw,X5 M,x_5_m,Twin-Turbo,No,Yes
BMW,bmw,X6,x_6,Twin-Turbo,No,Yes
BMW,bmw,X6,x_6,Turbocharged,No,Yes
BMW,bmw,X6 M,x_6_m,Twin-Turbo,No,Yes
BMW,bmw,X7,x_7,Twin-Turbo,No,Yes
BMW,bmw,X7,x_7,Turbocharged,No,Yes
BMW,bmw,XM,xm,Twin-Turbo,No,Yes
BMW,bmw,Z4,z_4,Turbocharged,No,Yes
BMW,bmw,i4,i_4,Electric Motor,Yes,Yes
BMW,bmw,i5,i_5,Electric Motor,Yes,Yes
BMW,bmw,i7,i_7,Electric Motor,Yes,Yes
BMW,bmw,iX,i_x,Electric Motor,Yes,Yes
BMW,bmw,5 Series,5_series,Twin-Turbo,No,Yes
BMW,bmw,M4 CSL,m_4_csl,Twin-Turbo,No,Yes
BMW,bmw,M5,m_5,Twin-Turbo,No,Yes
BMW,bmw,X2,x_2,Turbocharged,No,Yes
BMW,bmw,ALPINA B7,alpina_b_7,Twin-Turbo,No,Yes
BMW,bmw,M5 CS,m_5_cs,Twin-Turbo,No,Yes
BMW,bmw,i3,i_3,Electric Motor,Yes,Yes
BMW,bmw,i3,i_3,Naturally Aspirated,No,Yes
BMW,bmw,M2 CS,m_2_cs,Twin-Turbo,No,Yes
BMW,bmw,M4 CS,m_4_cs,Twin-Turbo,No,Yes
BMW,bmw,i8,i_8,Turbocharged,No,Yes
BMW,bmw,3 Series Gran Turismo,3_series_gran_turismo,Turbocharged,No,Yes
BMW,bmw,6 Series Gran Coupe,6_series_gran_coupe,Turbocharged,No,Yes
BMW,bmw,6 Series Gran Coupe,6_series_gran_coupe,Twin-Turbo,No,Yes
BMW,bmw,6 Series Gran Turismo,6_series_gran_turismo,Turbocharged,No,Yes
BMW,bmw,ALPINA B6 Gran Coupe,alpina_b_6_gran_coupe,Twin-Turbo,No,Yes
BMW,bmw,M6 Gran Coupe,m_6_gran_coupe,Twin-Turbo,No,Yes
BMW,bmw,6 Series,6_series,Turbocharged,No,Yes
BMW,bmw,6 Series,6_series,Twin-Turbo,No,Yes
BMW,bmw,M2,m_2,Turbocharged,No,Yes
BMW,bmw,M6,m_6,Twin-Turbo,No,Yes
BMW,bmw,5 Series Gran Turismo,5_series_gran_turismo,Turbocharged,No,Yes
BMW,bmw,5 Series Gran Turismo,5_series_gran_turismo,Twin-Turbo,No,Yes
BMW,bmw,3 Series eDrive,3_series_e_drive,Turbocharged,No,Yes
BMW,bmw,ActiveHybrid 5,active_hybrid_5,Turbocharged,No,Yes
BMW,bmw,M4 GTS,m_4_gts,Twin-Turbo,No,Yes
BMW,bmw,X5 eDrive,x_5_e_drive,Turbocharged,No,Yes
BMW,bmw,Z4,z_4,Twin-Turbo,No,Yes
BMW,bmw,ActiveHybrid 7,active_hybrid_7,Turbocharged,No,Yes
BMW,bmw,1 Series,1_series,Naturally Aspirated,No,Yes
BMW,bmw,1 Series,1_series,Turbocharged,No,Yes
BMW,bmw,3 Series,3_series,Naturally Aspirated,No,Yes
BMW,bmw,3 Series,3_series,Twin-Turbo,No,Yes
BMW,bmw,M3,m_3,Naturally Aspirated,No,Yes
BMW,bmw,ActiveHybrid 7,active_hybrid_7,Twin-Turbo,No,Yes
BMW,bmw,X3,x_3,Naturally Aspirated,No,Yes
BMW,bmw,1 Series M,1_series_m,Twin-Turbo,No,Yes
BMW,bmw,5 Series,5_series,Naturally Aspirated,No,Yes
BMW,bmw,ActiveHybrid X6,active_hybrid_x_6,Twin-Turbo,No,Yes
BMW,bmw,Z4,z_4,Naturally Aspirated,No,Yes
BMW,bmw,1 Series,1_series,Twin-Turbo,No,Yes
BMW,bmw,6 Series,6_series,Naturally Aspirated,No,Yes
BMW,bmw,M5,m_5,Naturally Aspirated,No,Yes
BMW,bmw,M6,m_6,Naturally Aspirated,No,Yes
BMW,bmw,X5,x_5,Naturally Aspirated,No,Yes
BMW,bmw,7 Series,7_series,Naturally Aspirated,No,Yes
BMW,bmw,ALPINA B7,alpina_b_7,Supercharged,No,Yes
BMW,bmw,Z4 M,z_4_m,Naturally Aspirated,No,Yes
BMW,bmw,M,m,Naturally Aspirated,No,Yes
BMW,bmw,Alpina,alpina,Naturally Aspirated,No,Yes
BMW,bmw,Z8,z_8,Naturally Aspirated,No,Yes
BMW,bmw,Z3,z_3,Naturally Aspirated,No,Yes
BMW,bmw,8 Series,8_series,Naturally Aspirated,No,Yes
Bentley,bentley,Bentayga,bentayga,Turbocharged,No,No
Bentley,bentley,Bentayga,bentayga,Twin-Turbo,No,No
Bentley,bentley,Bentayga EWB,bentayga_ewb,Twin-Turbo,No,No
Bentley,bentley,Continental,continental,Twin-Turbo,No,No
Bentley,bentley,Flying Spur,flying_spur,Twin-Turbo,No,No
Bentley,bentley,Mulsanne,mulsanne,Twin-Turbo,No,No
Bentley,bentley,Continental GT,continental_gt,Twin-Turbo,No,No
Bentley,bentley,Continental GT3-R,continental_gt_3_r,Twin-Turbo,No,No
Bentley,bentley,Continental GT Speed,continental_gt_speed,Twin-Turbo,No,No
Bentley,bentley,Continental GT Speed Convertible,continental_gt_speed_convertible,Twin-Turbo,No,No
Bentley,bentley,Continental GTC,continental_gtc,Twin-Turbo,No,No
Bentley,bentley,Continental Flying Spur,continental_flying_spur,Twin-Turbo,No,No
Bentley,bentley,Continental Flying Spur Speed,continental_flying_spur_speed,Twin-Turbo,No,No
Bentley,bentley,Supersports Convertible ISR,supersports_convertible_isr,Twin-Turbo,No,No
Bentley,bentley,Continental Supersports,continental_supersports,Twin-Turbo,No,No
Bentley,bentley,Continental Supersports Convertible,continental_supersports_convertible,Twin-Turbo,No,No
Bentley,bentley,Continental GTC Speed,continental_gtc_speed,Twin-Turbo,No,No
Bentley,bentley,Azure T,azure_t,Twin-Turbo,No,No
Bentley,bentley,Brooklands,brooklands,Twin-Turbo,No,No
Bentley,bentley,Arnage,arnage,Twin-Turbo,No,No
Bentley,bentley,Azure,azure,Twin-Turbo,No,No
Bentley,bentley,Azure,azure,Turbocharged,No,No
Bentley,bentley,Continental,continental,Turbocharged,No,No
Bentley,bentley,Arnage,arnage,Turbocharged,No,No
Bugatti,bugatti,Veyron 16.4,veyron_16_4,Quad-Turbo,No,No
Buick,buick,Enclave,enclave,Naturally Aspirated,No,Yes
Buick,buick,Encore GX,encore_gx,Turbocharged,No,Yes
Buick,buick,Envista,envista,Turbocharged,No,Yes
Buick,buick,Envision,envision,Turbocharged,No,Yes
Buick,buick,Encore,encore,Turbocharged,No,Yes
Buick,buick,Envision,envision,Naturally Aspirated,No,Yes
Buick,buick,Regal Sportback,regal_sportback,Turbocharged,No,Yes
Buick,buick,Regal Sportback,regal_sportback,Naturally Aspirated,No,Yes
Buick,buick,Regal TourX,regal_tour_x,Turbocharged,No,Yes
Buick,buick,Cascada,cascada,Turbocharged,No,Yes
Buick,buick,LaCrosse,la_crosse,Naturally Aspirated,No,Yes
Buick,buick,Regal,regal,Naturally Aspirated,No,Yes
Buick,buick,Regal,regal,Turbocharged,No,Yes
Buick,buick,Verano,verano,Naturally Aspirated,No,Yes
Buick,buick,Verano,verano,Turbocharged,No,Yes
Buick,buick,Lucerne,lucerne,Naturally Aspirated,No,Yes
Buick,buick,Rainier,rainier,Naturally Aspirated,No,Yes
Buick,buick,Rendezvous,rendezvous,Naturally Aspirated,No,Yes
Buick,buick,Terraza,terraza,Naturally Aspirated,No,Yes
Buick,buick,Century,century,Naturally Aspirated,No,Yes
Buick,buick,LeSabre,le_sabre,Naturally Aspirated,No,Yes
Buick,buick,Park Avenue,park_avenue,Naturally Aspirated,No,Yes
Buick,buick,Park Avenue,park_avenue,Supercharged,No,Yes
Buick,buick,Regal,regal,Supercharged,No,Yes
Buick,buick,Riviera,riviera,Supercharged,No,Yes
Buick,buick,Skylark,skylark,Naturally Aspirated,No,Yes
Buick,buick,Riviera,riviera,Naturally Aspirated,No,Yes
Buick,buick,Roadmaster,roadmaster,Naturally Aspirated,No,Yes
Buick,buick,Reatta,reatta,Naturally Aspirated,No,Yes
Buick,buick,Electra,electra,Naturally Aspirated,No,Yes
Buick,buick,Estate Wagon,estate_wagon,Naturally Aspirated,No,Yes
Cadillac,cadillac,CT4,ct_4,Turbocharged,No,Yes
Cadillac,cadillac,CT4,ct_4,Twin-Turbo,No,Yes
Cadillac,cadillac,CT5,ct_5,Turbocharged,No,Yes
Cadillac,cadillac,CT5,ct_5,Twin-Turbo,No,Yes
Cadillac,cadillac,CT5,ct_5,Supercharged,No,Yes
Cadillac,cadillac,LYRIQ,lyriq,Electric Motor,Yes,Yes
Cadillac,cadillac,XT4,xt_4,Turbocharged,No,Yes
Cadillac,cadillac,XT5,xt_5,Turbocharged,No,Yes
Cadillac,cadillac,XT5,xt_5,Naturally Aspirated,No,Yes
Cadillac,cadillac,XT6,xt_6,Turbocharged,No,Yes
Cadillac,cadillac,XT6,xt_6,Naturally Aspirated,No,Yes
Cadillac,cadillac,Escalade,escalade,Naturally Aspirated,No,Yes
Cadillac,cadillac,Escalade,escalade,Supercharged,No,Yes
Cadillac,cadillac,Escalade ESV,escalade_esv,Naturally Aspirated,No,Yes
Cadillac,cadillac,Escalade ESV,escalade_esv,Supercharged,No,Yes
Cadillac,cadillac,CT4-V Blackwing,ct_4_v_blackwing,Twin-Turbo,No,Yes
Cadillac,cadillac,CT5-V Blackwing,ct_5_v_blackwing,Supercharged,No,Yes
Cadillac,cadillac,CT6,ct_6,Naturally Aspirated,No,Yes
Cadillac,cadillac,CT6,ct_6,Twin-Turbo,No,Yes
Cadillac,cadillac,CT6-V,ct_6_v,Twin-Turbo,No,Yes
Cadillac,cadillac,ATS Coupe,ats_coupe,Turbocharged,No,Yes
Cadillac,cadillac,ATS Coupe,ats_coupe,Naturally Aspirated,No,Yes
Cadillac,cadillac,ATS-V,ats_v,Twin-Turbo,No,Yes
Cadillac,cadillac,CT6,ct_6,Turbocharged,No,Yes
Cadillac,cadillac,CTS,cts,Turbocharged,No,Yes
Cadillac,cadillac,CTS,cts,Naturally Aspirated,No,Yes
Cadillac,cadillac,CTS,cts,Twin-Turbo,No,Yes
Cadillac,cadillac,CTS-V,cts_v,Supercharged,No,Yes
Cadillac,cadillac,XTS,xts,Naturally Aspirated,No,Yes
Cadillac,cadillac,XTS,xts,Twin-Turbo,No,Yes
Cadillac,cadillac,ATS,ats,Turbocharged,No,Yes
Cadillac,cadillac,ATS,ats,Naturally Aspirated,No,Yes
Cadillac,cadillac,ELR,elr,Naturally Aspirated,No,Yes
Cadillac,cadillac,SRX,srx,Naturally Aspirated,No,Yes
Cadillac,cadillac,CTS-V Coupe,cts_v_coupe,Supercharged,No,Yes
Cadillac,cadillac,CTS Coupe,cts_coupe,Naturally Aspirated,No,Yes
Cadillac,cadillac,CTS Wagon,cts_wagon,Naturally Aspirated,No,Yes
Cadillac,cadillac,CTS-V Wagon,cts_v_wagon,Supercharged,No,Yes
Cadillac,cadillac,Escalade EXT,escalade_ext,Naturally Aspirated,No,Yes
Cadillac,cadillac,Escalade Hybrid,escalade_hybrid,Naturally Aspirated,No,Yes
Cadillac,cadillac,DTS,dts,Naturally Aspirated,No,Yes
Cadillac,cadillac,SRX,srx,Turbocharged,No,Yes
Cadillac,cadillac,STS,sts,Naturally Aspirated,No,Yes
Cadillac,cadillac,STS-V,sts_v,Supercharged,No,Yes
Cadillac,cadillac,XLR,xlr,Naturally Aspirated,No,Yes
Cadillac,cadillac,XLR-V,xlr_v,Supercharged,No,Yes
Cadillac,cadillac,CTS-V,cts_v,Naturally Aspirated,No,Yes
Cadillac,cadillac,DeVille,de_ville,Naturally Aspirated,No,Yes
Cadillac,cadillac,Seville,seville,Naturally Aspirated,No,Yes
Cadillac,cadillac,Eldorado,eldorado,Naturally Aspirated,No,Yes
Cadillac,cadillac,Catera,catera,Naturally Aspirated,No,Yes
Cadillac,cadillac,Fleetwood,fleetwood,Naturally Aspirated,No,Yes
Cadillac,cadillac,Allante,allante,Naturally Aspirated,No,Yes
Cadillac,cadillac,Brougham,brougham,Naturally Aspirated,No,Yes
Chevrolet,chevrolet,Blazer,blazer,Turbocharged,No,Yes
Chevrolet,chevrolet,Blazer,blazer,Naturally Aspirated,No,Yes
Chevrolet,chevrolet,Blazer EV,blazer_ev,Electric Motor,Yes,Yes
Chevrolet,chevrolet,Camaro,camaro,Naturally Aspirated,No,Yes
Chevrolet,chevrolet,Camaro,camaro,Supercharged,No,Yes
Chevrolet,chevrolet,Corvette,corvette,Naturally Aspirated,No,Yes
Chevrolet,chevrolet,Equinox,equinox,Turbocharged,No,Yes
Chevrolet,chevrolet,Express,express,Naturally Aspirated,No,Yes
Chevrolet,chevrolet,Express Cargo,express_cargo,Naturally Aspirated,No,Yes
Chevrolet,chevrolet,Malibu,malibu,Turbocharged,No,Yes
Chevrolet,chevrolet,Silverado 2500HD,silverado_2500_hd,Naturally Aspirated,No,Yes
Chevrolet,chevrolet,Silverado 3500HD,silverado_3500_hd,Naturally Aspirated,No,Yes
Chevrolet,chevrolet,Trailblazer,trailblazer,Turbocharged,No,Yes
Chevrolet,chevrolet,Trax,trax,Turbocharged,No,Yes
Chevrolet,chevrolet,Bolt EUV,bolt_euv,Electric Motor,Yes,Yes
Chevrolet,chevrolet,Bolt EV,bolt_ev,Electric Motor,Yes,Yes
Chevrolet,chevrolet,Camaro,camaro,Turbocharged,No,Yes
Chevrolet,chevrolet,Colorado,colorado,Turbocharged,No,Yes
Chevrolet,chevrolet,Silverado 1500,silverado_1500,Turbocharged,No,Yes
Chevrolet,chevrolet,Silverado 1500,silverado_1500,Naturally Aspirated,No,Yes
Chevrolet,chevrolet,Suburban,suburban,Naturally Aspirated,No,Yes
Chevrolet,chevrolet,Tahoe,tahoe,Naturally Aspirated,No,Yes
Chevrolet,chevrolet,Traverse,traverse,Naturally Aspirated,No,Yes
Chevrolet,chevrolet,Colorado,colorado,Naturally Aspirated,No,Yes
Chevrolet,chevrolet,Silverado 1500 Limited,silverado_1500_limited,Turbocharged,No,Yes
Chevrolet,chevrolet,Silverado 1500 Limited,silverado_1500_limited,Naturally Aspirated,No,Yes
Chevrolet,chevrolet,Spark,spark,Naturally Aspirated,No,Yes
Chevrolet,chevrolet,Impala,impala,Naturally Aspirated,No,Yes
Chevrolet,chevrolet,Sonic,sonic,Turbocharged,No,Yes
Chevrolet,chevrolet,Corvette,corvette,Supercharged,No,Yes
Chevrolet,chevrolet,Cruze,cruze,Turbocharged,No,Yes
Chevrolet,chevrolet,Malibu,malibu,Naturally Aspirated,No,Yes
Chevrolet,chevrolet,Silverado 1500 LD,silverado_1500_ld,Naturally Aspirated,No,Yes
Chevrolet,chevrolet,Traverse,traverse,Turbocharged,No,Yes
Chevrolet,chevrolet,Volt,volt,Naturally Aspirated,No,Yes
Chevrolet,chevrolet,City Express,city_express,Naturally Aspirated,No,Yes
Chevrolet,chevrolet,Sonic,sonic,Naturally Aspirated,No,Yes
Chevrolet,chevrolet,Equinox,equinox,Naturally Aspirated,No,Yes
Chevrolet,chevrolet,SS,ss,Naturally Aspirated,No,Yes
Chevrolet,chevrolet,Cruze Limited,cruze_limited,Turbocharged,No,Yes
Chevrolet,chevrolet,Cruze Limited,cruze_limited,Naturally Aspirated,No,Yes
Chevrolet,chevrolet,Express,express,Turbocharged,No,Yes
Chevrolet,chevrolet,Express Cargo,express_cargo,Turbocharged,No,Yes
Chevrolet,chevrolet,Impala Limited,impala_limited,Naturally Aspirated,No,Yes
Chevrolet,chevrolet,Malibu Limited,malibu_limited,Naturally Aspirated,No,Yes
Chevrolet,chevrolet,Spark EV,spark_ev,Electric Motor,Yes,Yes
Chevrolet,chevrolet,Captiva Sport,captiva_sport,Naturally Aspirated,No,Yes
Chevrolet,chevrolet,Cruze,cruze,Naturally Aspirated,No,Yes
Chevrolet,chevrolet,Volt,volt,,No,Yes
Chevrolet,chevrolet,Corvette Stingray,corvette_stingray,Naturally Aspirated,No,Yes
Chevrolet,chevrolet,Black Diamond Avalanche,black_diamond_avalanche,Naturally Aspirated,No,Yes
Chevrolet,chevrolet,Silverado 1500 Hybrid,silverado_1500_hybrid,Naturally Aspirated,No,Yes
Chevrolet,chevrolet,Tahoe Hybrid,tahoe_hybrid,Naturally Aspirated,No,Yes
Chevrolet,chevrolet,Avalanche,avalanche,Naturally Aspirated,No,Yes
Chevrolet,chevrolet,Aveo,aveo,Naturally Aspirated,No,Yes
Chevrolet,chevrolet,HHR,hhr,Naturally Aspirated,No,Yes
Chevrolet,chevrolet,Cobalt,cobalt,Naturally Aspirated,No,Yes
Chevrolet,chevrolet,Cobalt,cobalt,Turbocharged,No,Yes
Chevrolet,chevrolet,HHR,hhr,Turbocharged,No,Yes
Chevrolet,chevrolet,Malibu Hybrid,malibu_hybrid,Naturally Aspirated,No,Yes
Chevrolet,chevrolet,TrailBlazer,trail_blazer,Naturally Aspirated,No,Yes
Chevrolet,chevrolet,Malibu Classic,malibu_classic,Naturally Aspirated,No,Yes
Chevrolet,chevrolet,Uplander,uplander,Naturally Aspirated,No,Yes
Chevrolet,chevrolet,Cobalt,cobalt,Supercharged,No,Yes
Chevrolet,chevrolet,Malibu Maxx,malibu_maxx,Naturally Aspirated,No,Yes
Chevrolet,chevrolet,Monte Carlo,monte_carlo,Naturally Aspirated,No,Yes
Chevrolet,chevrolet,Silverado 1500 Classic,silverado_1500_classic,Naturally Aspirated,No,Yes
Chevrolet,chevrolet,Silverado 1500HD Classic,silverado_1500_hd_classic,Naturally Aspirated,No,Yes
Chevrolet,chevrolet,Silverado 2500HD Classic,silverado_2500_hd_classic,Naturally Aspirated,No,Yes
Chevrolet,chevrolet,Silverado 3500 Classic,silverado_3500_classic,Naturally Aspirated,No,Yes
Chevrolet,chevrolet,SSR,ssr,Naturally Aspirated,No,Yes
Chevrolet,chevrolet,Silverado 1500HD,silverado_1500_hd,Naturally Aspirated,No,Yes
Chevrolet,chevrolet,Silverado 3500,silverado_3500,Naturally Aspirated,No,Yes
Chevrolet,chevrolet,TrailBlazer EXT,trail_blazer_ext,Naturally Aspirated,No,Yes
Chevrolet,chevrolet,Astro,astro,Naturally Aspirated,No,Yes
Chevrolet,chevrolet,Astro Cargo,astro_cargo,Naturally Aspirated,No,Yes
Chevrolet,chevrolet,Cavalier,cavalier,Naturally Aspirated,No,Yes
Chevrolet,chevrolet,Classic,classic,Naturally Aspirated,No,Yes
Chevrolet,chevrolet,Impala,impala,Supercharged,No,Yes
Chevrolet,chevrolet,Monte Carlo,monte_carlo,Supercharged,No,Yes
Chevrolet,chevrolet,Venture,venture,Naturally Aspirated,No,Yes
Chevrolet,chevrolet,S-10,s_10,Naturally Aspirated,No,Yes
Chevrolet,chevrolet,Silverado 2500,silverado_2500,Naturally Aspirated,No,Yes
Chevrolet,chevrolet,Tracker,tracker,Naturally Aspirated,No,Yes
Chevrolet,chevrolet,Prizm,prizm,Naturally Aspirated,No,Yes
Chevrolet,chevrolet,Lumina,lumina,Naturally Aspirated,No,Yes
Chevrolet,chevrolet,Metro,metro,Naturally Aspirated,No,Yes
Chevrolet,chevrolet,C/K 2500 Series,c_k_2500_series,Naturally Aspirated,No,Yes
Chevrolet,chevrolet,C/K 3500 Series,c_k_3500_series,Naturally Aspirated,No,Yes
Chevrolet,chevrolet,C/K 1500 Series,c_k_1500_series,Naturally Aspirated,No,Yes
Chevrolet,chevrolet,Beretta,beretta,Naturally Aspirated,No,Yes
Chevrolet,chevrolet,Caprice,caprice,Naturally Aspirated,No,Yes
Chevrolet,chevrolet,Chevy Van Classic,chevy_van_classic,Naturally Aspirated,No,Yes
Chevrolet,chevrolet,Corsica,corsica,Naturally Aspirated,No,Yes
Chevrolet,chevrolet,Lumina Minivan,lumina_minivan,Naturally Aspirated,No,Yes
Chevrolet,chevrolet,Chevy Van,chevy_van,Naturally Aspirated,No,Yes
Chevrolet,chevrolet,S-10 Blazer,s_10_blazer,Naturally Aspirated,No,Yes
Chevrolet,chevrolet,R/V 3500 Series,r_v_3500_series,Naturally Aspirated,No,Yes
Chevrolet,chevrolet,Celebrity,celebrity,Naturally Aspirated,No,Yes
Chrysler,chrysler,Pacifica,pacifica,Naturally Aspirated,No,Yes
Chrysler,chrysler,Voyager,voyager,Naturally Aspirated,No,Yes
Chrysler,chrysler,300,300,Naturally Aspirated,No,Yes
Chrysler,chrysler,Pacifica Hybrid,pacifica_hybrid,Naturally Aspirated,No,Yes
Chrysler,chrysler,200,200,Naturally Aspirated,No,Yes
Chrysler,chrysler,Town and Country,town_and_country,Naturally Aspirated,No,Yes
Chrysler,chrysler,PT Cruiser,pt_cruiser,Naturally Aspirated,No,Yes
Chrysler,chrysler,Sebring,sebring,Naturally Aspirated,No,Yes
Chrysler,chrysler,Aspen,aspen,Naturally Aspirated,No,Yes
Chrysler,chrysler,PT Cruiser,pt_cruiser,Turbocharged,No,Yes
Chrysler,chrysler,Crossfire,crossfire,Naturally Aspirated,No,Yes
Chrysler,chrysler,Crossfire,crossfire,Supercharged,No,Yes
Chrysler,chrysler,300M,300_m,Naturally Aspirated,No,Yes
Chrysler,chrysler,Concorde,concorde,Naturally Aspirated,No,Yes
Chrysler,chrysler,Prowler,prowler,Naturally Aspirated,No,Yes
Chrysler,chrysler,LHS,lhs,Naturally Aspirated,No,Yes
Chrysler,chrysler,Cirrus,cirrus,Naturally Aspirated,No,Yes
Chrysler,chrysler,New Yorker,new_yorker,Naturally Aspirated,No,Yes
Chrysler,chrysler,Imperial,imperial,Naturally Aspirated,No,Yes
Chrysler,chrysler,TC,tc,Naturally Aspirated,No,Yes
Chrysler,chrysler,TC,tc,Turbocharged,No,Yes
Daewoo,daewoo,Lanos,lanos,Naturally Aspirated,No,No
Daewoo,daewoo,Leganza,leganza,Naturally Aspirated,No,No
Daewoo,daewoo,Nubira,nubira,Naturally Aspirated,No,No
Dodge,dodge,Durango,durango,Naturally Aspirated,No,Yes
Dodge,dodge,Durango,durango,Supercharged,No,Yes
Dodge,dodge,Hornet,hornet,Turbocharged,No,Yes
Dodge,dodge,Challenger,challenger,Naturally Aspirated,No,Yes
Dodge,dodge,Challenger,challenger,Supercharged,No,Yes
Dodge,dodge,Charger,charger,Naturally Aspirated,No,Yes
Dodge,dodge,Charger,charger,Supercharged,No,Yes
Dodge,dodge,Grand Caravan,grand_caravan,Naturally Aspirated,No,Yes
Dodge,dodge,Journey,journey,Naturally Aspirated,No,Yes
Dodge,dodge,Viper,viper,Naturally Aspirated,No,Yes
Dodge,dodge,Dart,dart,Turbocharged,No,Yes
Dodge,dodge,Dart,dart,Naturally Aspirated,No,Yes
Dodge,dodge,Avenger,avenger,Naturally Aspirated,No,Yes
Dodge,dodge,SRT Viper,srt_viper,Naturally Aspirated,No,Yes
Dodge,dodge,Caliber,caliber,Naturally Aspirated,No,Yes
Dodge,dodge,Nitro,nitro,Naturally Aspirated,No,Yes
Dodge,dodge,Dakota,dakota,Naturally Aspirated,No,Yes
Dodge,dodge,Ram Pickup 1500,ram_pickup_1500,Naturally Aspirated,No,Yes
Dodge,dodge,Ram Pickup 2500,ram_pickup_2500,Naturally Aspirated,No,Yes
Dodge,dodge,Ram Pickup 3500,ram_pickup_3500,Turbocharged,No,Yes
Dodge,dodge,Caliber,caliber,Turbocharged,No,Yes
Dodge,dodge,Sprinter,sprinter,Turbocharged,No,Yes
Dodge,dodge,Sprinter Cargo,sprinter_cargo,Turbocharged,No,Yes
Dodge,dodge,Magnum,magnum,Naturally Aspirated,No,Yes
Dodge,dodge,Ram Pickup 3500,ram_pickup_3500,Naturally Aspirated,No,Yes
Dodge,dodge,Caravan,caravan,Naturally Aspirated,No,Yes
Dodge,dodge,Stratus,stratus,Naturally Aspirated,No,Yes
Dodge,dodge,Neon,neon,Naturally Aspirated,No,Yes
Dodge,dodge,Neon,neon,Turbocharged,No,Yes
Dodge,dodge,Intrepid,intrepid,Naturally Aspirated,No,Yes
Dodge,dodge,Ram Cargo,ram_cargo,Naturally Aspirated,No,Yes
Dodge,dodge,Ram Wagon,ram_wagon,Naturally Aspirated,No,Yes
Dodge,dodge,Ram Van,ram_van,Naturally Aspirated,No,Yes
Dodge,dodge,Stealth,stealth,Naturally Aspirated,No,Yes
Dodge,dodge,Spirit,spirit,Naturally Aspirated,No,Yes
Dodge,dodge,Colt,colt,Naturally Aspirated,No,Yes
Dodge,dodge,Shadow,shadow,Naturally Aspirated,No,Yes
Dodge,dodge,Daytona,daytona,Naturally Aspirated,No,Yes
Dodge,dodge,Dynasty,dynasty,Naturally Aspirated,No,Yes
Dodge,dodge,RAM 150,ram_150,Naturally Aspirated,No,Yes
Dodge,dodge,RAM 250,ram_250,Naturally Aspirated,No,Yes
Dodge,dodge,RAM 350,ram_350,Turbodiesel,No,Yes
Dodge,dodge,RAM 350,ram_350,Naturally Aspirated,No,Yes
Dodge,dodge,Ram 50 Pickup,ram_50_pickup,Naturally Aspirated,No,Yes
Dodge,dodge,Ramcharger,ramcharger,Naturally Aspirated,No,Yes
Dodge,dodge,Monaco,monaco,Naturally Aspirated,No,Yes
Dodge,dodge,Shadow,shadow,Turbocharged,No,Yes
Dodge,dodge,Daytona,daytona,Turbocharged,No,Yes
Dodge,dodge,Caravan,caravan,Turbocharged,No,Yes
Dodge,dodge,Omni,omni,Naturally Aspirated,No,Yes
Dodge,dodge,Spirit,spirit,Turbocharged,No,Yes
FIAT,fiat,500X,500_x,Turbocharged,No,No
FIAT,fiat,124 Spider,124_spider,Turbocharged,No,No
FIAT,fiat,500L,500_l,Turbocharged,No,No
FIAT,fiat,500,500,Turbocharged,No,No
FIAT,fiat,500e,500_e,Electric Motor,Yes,No
FIAT,fiat,500X,500_x,Naturally Aspirated,No,No
FIAT,fiat,500,500,Naturally Aspirated,No,No
Ferrari,ferrari,488 GTB,488_gtb,Twin-Turbo,No,No
Ferrari,ferrari,488 Spider,488_spider,Twin-Turbo,No,No
Ferrari,ferrari,Portofino,portofino,Twin-Turbo,No,No
Ferrari,ferrari,812 Superfast,812_superfast,Naturally Aspirated,No,No
Ferrari,ferrari,GTC4Lusso,gtc_4_lusso,Naturally Aspirated,No,No
Ferrari,ferrari,California T,california_t,Twin-Turbo,No,No
Ferrari,ferrari,F12 Berlinetta,f_12_berlinetta,Naturally Aspirated,No,No
Ferrari,ferrari,458 Italia,458_italia,Naturally Aspirated,No,No
Ferrari,ferrari,FF,ff,Naturally Aspirated,No,No
Ferrari,ferrari,California,california,Naturally Aspirated,No,No
Ferrari,ferrari,599,599,Naturally Aspirated,No,No
Ferrari,ferrari,612 Scaglietti,612_scaglietti,Naturally Aspirated,No,No
Ferrari,ferrari,430 Scuderia,430_scuderia,Naturally Aspirated,No,No
Ferrari,ferrari,F430,f_430,Naturally Aspirated,No,No
Ferrari,ferrari,Superamerica,superamerica,Naturally Aspirated,No,No
Ferrari,ferrari,360,360,Naturally Aspirated,No,No
Ferrari,ferrari,575M,575_m,Naturally Aspirated,No,No
Ferrari,ferrari,456M,456_m,Naturally Aspirated,No,No
Ferrari,ferrari,Enzo,enzo,Naturally Aspirated,No,No
Ferrari,ferrari,550,550,Naturally Aspirated,No,No
Fisker,fisker,Karma,karma,Naturally Aspirated,No,No
Ford,ford,Bronco,bronco,Turbocharged,No,Yes
Ford,ford,Bronco,bronco,Twin-Turbo,No,Yes
Ford,ford,Bronco Sport,bronco_sport,Turbocharged,No,Yes
Ford,ford,Edge,edge,Turbocharged,No,Yes
Ford,ford,Edge,edge,Twin-Turbo,No,Yes
Ford,ford,Escape,escape,Turbocharged,No,Yes
Ford,ford,Escape,escape,Naturally Aspirated,No,Yes
Ford,ford,Expedition,expedition,Twin-Turbo,No,Yes
Ford,ford,Explorer,explorer,Turbocharged,No,Yes
Ford,ford,Explorer,explorer,Twin-Turbo,No,Yes
Ford,ford,Maverick,maverick,Turbocharged,No,Yes
Ford,ford,Mustang,mustang,Naturally Aspirated,No,Yes
Ford,ford,Mustang,mustang,Turbocharged,No,Yes
Ford,ford,Mustang Mach-E,mustang_mach_e,Electric Motor,Yes,Yes
Ford,ford,Ranger,ranger,Turbocharged,No,Yes
Ford,ford,Ranger,ranger,Twin-Turbo,No,Yes
Ford,ford,E-Transit Cargo Van,e_transit_cargo_van,Electric Motor,Yes,Yes
Ford,ford,Explorer,explorer,Naturally Aspirated,No,Yes
Ford,ford,F-150,f_150,Naturally Aspirated,No,Yes
Ford,ford,F-150,f_150,Twin-Turbo,No,Yes
Ford,ford,F-150,f_150,Supercharged,No,Yes
Ford,ford,F-150 Lightning,f_150_lightning,Electric Motor,Yes,Yes
Ford,ford,F-250 Super Duty,f_250_super_duty,Naturally Aspirated,No,Yes
Ford,ford,F-250 Super Duty,f_250_super_duty,Turbocharged,No,Yes
Ford,ford,F-350 Super Duty,f_350_super_duty,Naturally Aspirated,No,Yes
Ford,ford,F-350 Super Duty,f_350_super_duty,Turbocharged,No,Yes
Ford,ford,F-450 Super Duty,f_450_super_duty,Turbocharged,No,Yes
Ford,ford,Maverick,maverick,Naturally Aspirated,No,Yes
Ford,ford,Transit Cargo Van,transit_cargo_van,Naturally Aspirated,No,Yes
Ford,ford,Transit Cargo Van,transit_cargo_van,Twin-Turbo,No,Yes
Ford,ford,Transit Connect Cargo Van,transit_connect_cargo_van,Naturally Aspirated,No,Yes
Ford,ford,Transit Connect Passenger Wagon,transit_connect_passenger_wagon,Naturally Aspirated,No,Yes
Ford,ford,Transit Crew Van,transit_crew_van,Naturally Aspirated,No,Yes
Ford,ford,Transit Crew Van,transit_crew_van,Twin-Turbo,No,Yes
Ford,ford,Transit Passenger Van,transit_passenger_van,Twin-Turbo,No,Yes
Ford,ford,Transit Passenger Van,transit_passenger_van,Naturally Aspirated,No,Yes
Ford,ford,EcoSport,eco_sport,Naturally Aspirated,No,Yes
Ford,ford,Escape Plug-In Hybrid,escape_plug_in_hybrid,Naturally Aspirated,No,Yes
Ford,ford,Shelby GT500,shelby_gt_500,Supercharged,No,Yes
Ford,ford,EcoSport,eco_sport,Turbocharged,No,Yes
Ford,ford,Transit Connect,transit_connect,Naturally Aspirated,No,Yes
Ford,ford,Fusion,fusion,Naturally Aspirated,No,Yes
Ford,ford,Fusion,fusion,Turbocharged,No,Yes
Ford,ford,Fusion Hybrid,fusion_hybrid,Naturally Aspirated,No,Yes
Ford,ford,Fusion Plug-In Hybrid,fusion_plug_in_hybrid,Naturally Aspirated,No,Yes
Ford,ford,Shelby GT350,shelby_gt_350,Naturally Aspirated,No,Yes
Ford,ford,Transit Connect,transit_connect,Turbocharged,No,Yes
Ford,ford,Fiesta,fiesta,Naturally Aspirated,No,Yes
Ford,ford,Fiesta,fiesta,Turbocharged,No,Yes
Ford,ford,Flex,flex,Naturally Aspirated,No,Yes
Ford,ford,Flex,flex,Twin-Turbo,No,Yes
Ford,ford,Fusion,fusion,Twin-Turbo,No,Yes
Ford,ford,Fusion Energi,fusion_energi,Naturally Aspirated,No,Yes
Ford,ford,Taurus,taurus,Naturally Aspirated,No,Yes
Ford,ford,Taurus,taurus,Twin-Turbo,No,Yes
Ford,ford,Transit Van,transit_van,Naturally Aspirated,No,Yes
Ford,ford,C-Max Hybrid,c_max_hybrid,Naturally Aspirated,No,Yes
Ford,ford,Focus,focus,Electric Motor,Yes,Yes
Ford,ford,Focus,focus,Naturally Aspirated,No,Yes
Ford,ford,Focus,focus,Turbocharged,No,Yes
Ford,ford,Focus RS,focus_rs,Turbocharged,No,Yes
Ford,ford,Focus ST,focus_st,Turbocharged,No,Yes
Ford,ford,Transit Wagon,transit_wagon,Naturally Aspirated,No,Yes
Ford,ford,C-Max Energi,c_max_energi,Naturally Aspirated,No,Yes
Ford,ford,GT,gt,Twin-Turbo,No,Yes
Ford,ford,Transit Van,transit_van,Twin-Turbo,No,Yes
Ford,ford,Transit Wagon,transit_wagon,Twin-Turbo,No,Yes
Ford,ford,E-Series Van,e_series_van,Naturally Aspirated,No,Yes
Ford,ford,E-Series Wagon,e_series_wagon,Naturally Aspirated,No,Yes
Ford,ford,Edge,edge,Naturally Aspirated,No,Yes
Ford,ford,Expedition,expedition,Naturally Aspirated,No,Yes
Ford,ford,Crown Victoria,crown_victoria,Naturally Aspirated,No,Yes
Ford,ford,Escape Hybrid,escape_hybrid,Naturally Aspirated,No,Yes
Ford,ford,Ranger,ranger,Naturally Aspirated,No,Yes
Ford,ford,Explorer Sport Trac,explorer_sport_trac,Naturally Aspirated,No,Yes
Ford,ford,F-450 Super Duty,f_450_super_duty,Twin-Turbo,No,Yes
Ford,ford,Econoline Cargo,econoline_cargo,Naturally Aspirated,No,Yes
Ford,ford,Econoline Wagon,econoline_wagon,Naturally Aspirated,No,Yes
Ford,ford,Expedition EL,expedition_el,Naturally Aspirated,No,Yes
Ford,ford,Taurus X,taurus_x,Naturally Aspirated,No,Yes
Ford,ford,Five Hundred,five_hundred,Naturally Aspirated,No,Yes
Ford,ford,Freestar,freestar,Naturally Aspirated,No,Yes
Ford,ford,Freestyle,freestyle,Naturally Aspirated,No,Yes
Ford,ford,GT,gt,Supercharged,No,Yes
Ford,ford,Excursion,excursion,Naturally Aspirated,No,Yes
Ford,ford,Excursion,excursion,Turbocharged,No,Yes
Ford,ford,Thunderbird,thunderbird,Naturally Aspirated,No,Yes
Ford,ford,F-150 Heritage,f_150_heritage,Naturally Aspirated,No,Yes
Ford,ford,Mustang,mustang,Supercharged,No,Yes
Ford,ford,Escort,escort,Naturally Aspirated,No,Yes
Ford,ford,Explorer Sport,explorer_sport,Naturally Aspirated,No,Yes
Ford,ford,Thunderbird,thunderbird,,No,Yes
Ford,ford,Windstar,windstar,Naturally Aspirated,No,Yes
Ford,ford,Windstar Cargo,windstar_cargo,Naturally Aspirated,No,Yes
Ford,ford,Contour,contour,Naturally Aspirated,No,Yes
Ford,ford,Contour SVT,contour_svt,Naturally Aspirated,No,Yes
Ford,ford,F-150 SVT Lightning,f_150_svt_lightning,Supercharged,No,Yes
Ford,ford,F-250,f_250,Naturally Aspirated,No,Yes
Ford,ford,Mustang SVT Cobra,mustang_svt_cobra,Naturally Aspirated,No,Yes
Ford,ford,E-350,e_350,Naturally Aspirated,No,Yes
Ford,ford,Aerostar,aerostar,Naturally Aspirated,No,Yes
Ford,ford,Aspire,aspire,Naturally Aspirated,No,Yes
Ford,ford,F-350,f_350,Naturally Aspirated,No,Yes
Ford,ford,Probe,probe,Naturally Aspirated,No,Yes
Ford,ford,Bronco,bronco,Naturally Aspirated,No,Yes
Ford,ford,E-150,e_150,Naturally Aspirated,No,Yes
Ford,ford,E-250,e_250,Naturally Aspirated,No,Yes
Ford,ford,F-150 SVT Lightning,f_150_svt_lightning,Naturally Aspirated,No,Yes
Ford,ford,Thunderbird,thunderbird,Supercharged,No,Yes
Ford,ford,Tempo,tempo,Naturally Aspirated,No,Yes
Ford,ford,Festiva,festiva,Naturally Aspirated,No,Yes
Ford,ford,Probe,probe,Turbocharged,No,Yes
Ford,ford,LTD Crown Victoria,ltd_crown_victoria,Naturally Aspirated,No,Yes
Ford,ford,Bronco II,bronco_ii,Naturally Aspirated,No,Yes
GMC,gmc,HUMMER EV,hummer_ev,Electric Motor,Yes,Yes
GMC,gmc,HUMMER EV SUV,hummer_ev_suv,Electric Motor,Yes,Yes
GMC,gmc,Savana,savana,Naturally Aspirated,No,Yes
GMC,gmc,Savana Cargo,savana_cargo,Naturally Aspirated,No,Yes
GMC,gmc,Sierra 2500HD,sierra_2500_hd,Naturally Aspirated,No,Yes
GMC,gmc,Sierra 2500HD,sierra_2500_hd,Turbocharged,No,Yes
GMC,gmc,Sierra 3500HD,sierra_3500_hd,Naturally Aspirated,No,Yes
GMC,gmc,Sierra 3500HD,sierra_3500_hd,Turbocharged,No,Yes
GMC,gmc,Terrain,terrain,Turbocharged,No,Yes
GMC,gmc,Acadia,acadia,Naturally Aspirated,No,Yes
GMC,gmc,Acadia,acadia,Turbocharged,No,Yes
GMC,gmc,Canyon,canyon,Turbocharged,No,Yes
GMC,gmc,Sierra 1500,sierra_1500,Turbocharged,No,Yes
GMC,gmc,Sierra 1500,sierra_1500,Naturally Aspirated,No,Yes
GMC,gmc,Yukon,yukon,Naturally Aspirated,No,Yes
GMC,gmc,Yukon XL,yukon_xl,Naturally Aspirated,No,Yes
GMC,gmc,Canyon,canyon,Naturally Aspirated,No,Yes
GMC,gmc,Sierra 1500 Limited,sierra_1500_limited,Turbocharged,No,Yes
GMC,gmc,Sierra 1500 Limited,sierra_1500_limited,Naturally Aspirated,No,Yes
GMC,gmc,Acadia Limited,acadia_limited,Naturally Aspirated,No,Yes
GMC,gmc,Terrain,terrain,Naturally Aspirated,No,Yes
GMC,gmc,Savana,savana,Turbocharged,No,Yes
GMC,gmc,Savana Cargo,savana_cargo,Turbocharged,No,Yes
GMC,gmc,Sierra 1500 Hybrid,sierra_1500_hybrid,Naturally Aspirated,No,Yes
GMC,gmc,Yukon Hybrid,yukon_hybrid,Naturally Aspirated,No,Yes
GMC,gmc,Envoy,envoy,Naturally Aspirated,No,Yes
GMC,gmc,Sierra 1500 Classic,sierra_1500_classic,Naturally Aspirated,No,Yes
GMC,gmc,Sierra 1500HD Classic,sierra_1500_hd_classic,Naturally Aspirated,No,Yes
GMC,gmc,Sierra 2500HD Classic,sierra_2500_hd_classic,Naturally Aspirated,No,Yes
GMC,gmc,Sierra 3500 Classic,sierra_3500_classic,Naturally Aspirated,No,Yes
GMC,gmc,Envoy XL,envoy_xl,Naturally Aspirated,No,Yes
GMC,gmc,Sierra 1500HD,sierra_1500_hd,Naturally Aspirated,No,Yes
GMC,gmc,Sierra 3500,sierra_3500,Naturally Aspirated,No,Yes
GMC,gmc,Envoy XUV,envoy_xuv,Naturally Aspirated,No,Yes
GMC,gmc,Safari,safari,Naturally Aspirated,No,Yes
GMC,gmc,Safari Cargo,safari_cargo,Naturally Aspirated,No,Yes
GMC,gmc,Sierra 2500,sierra_2500,Naturally Aspirated,No,Yes
GMC,gmc,Sonoma,sonoma,Naturally Aspirated,No,Yes
GMC,gmc,Jimmy,jimmy,Naturally Aspirated,No,Yes
GMC,gmc,Sierra C3,sierra_c_3,Naturally Aspirated,No,Yes
GMC,gmc,Suburban,suburban,Naturally Aspirated,No,Yes
GMC,gmc,Vandura,vandura,Naturally Aspirated,No,Yes
GMC,gmc,Rally Wagon,rally_wagon,Naturally Aspirated,No,Yes
GMC,gmc,Sonoma,sonoma,Turbocharged,No,Yes
GMC,gmc,S-15 Jimmy,s_15_jimmy,Naturally Aspirated,No,Yes
GMC,gmc,R/V 3500 Series,r_v_3500_series,Naturally Aspirated,No,Yes
GMC,gmc,S-15,s_15,Naturally Aspirated,No,Yes
Genesis,genesis,Electrified GV70,electrified_gv_70,Electric Motor,Yes,Yes
Genesis,genesis,G80,g_80,Turbocharged,No,Yes
Genesis,genesis,G80,g_80,Twin-Turbo,No,Yes
Genesis,genesis,G90,g_90,Twin-Turbo,No,Yes
Genesis,genesis,G90,g_90,Twincharged,No,Yes
Genesis,genesis,GV60,gv_60,Electric Motor,Yes,Yes
Genesis,genesis,GV70,gv_70,Turbocharged,No,Yes
Genesis,genesis,GV70,gv_70,Twin-Turbo,No,Yes
Genesis,genesis,GV80,gv_80,Turbocharged,No,Yes
Genesis,genesis,GV80,gv_80,Twin-Turbo,No,Yes
Genesis,genesis,Electrified G80,electrified_g_80,Electric Motor,Yes,Yes
Genesis,genesis,G70,g_70,Turbocharged,No,Yes
Genesis,genesis,G70,g_70,Twin-Turbo,No,Yes
Genesis,genesis,G80,g_80,Electric Motor,Yes,Yes
Genesis,genesis,G90,g_90,Naturally Aspirated,No,Yes
Genesis,genesis,G80,g_80,Naturally Aspirated,No,Yes
HUMMER,hummer,H3,h_3,Naturally Aspirated,No,No
HUMMER,hummer,H3T,h_3_t,Naturally Aspirated,No,No
HUMMER,hummer,H2,h_2,Naturally Aspirated,No,No
HUMMER,hummer,H2 SUT,h_2_sut,Naturally Aspirated,No,No
HUMMER,hummer,H1 Alpha,h_1_alpha,Turbocharged,No,No
HUMMER,hummer,H1,h_1,Turbocharged,No,No
Honda,honda,Accord,accord,Turbocharged,No,Yes
Honda,honda,Accord,accord,Naturally Aspirated,No,Yes
Honda,honda,CR-V,cr_v,Turbocharged,No,Yes
Honda,honda,CR-V,cr_v,Naturally Aspirated,No,Yes
Honda,honda,Civic,civic,Turbocharged,No,Yes
Honda,honda,Civic,civic,Naturally Aspirated,No,Yes
Honda,honda,HR-V,hr_v,Naturally Aspirated,No,Yes
Honda,honda,Odyssey,odyssey,Naturally Aspirated,No,Yes
Honda,honda,Passport,passport,Naturally Aspirated,No,Yes
Honda,honda,Pilot,pilot,Naturally Aspirated,No,Yes
Honda,honda,Ridgeline,ridgeline,Naturally Aspirated,No,Yes
Honda,honda,Accord Hybrid,accord_hybrid,Naturally Aspirated,No,Yes
Honda,honda,CR-V Hybrid,cr_v_hybrid,Naturally Aspirated,No,Yes
Honda,honda,Insight,insight,Naturally Aspirated,No,Yes
Honda,honda,Clarity,clarity,Naturally Aspirated,No,Yes
Honda,honda,Fit,fit,Naturally Aspirated,No,Yes
Honda,honda,Clarity,clarity,Electric Motor,Yes,Yes
Honda,honda,CR-Z,cr_z,Naturally Aspirated,No,Yes
Honda,honda,Crosstour,crosstour,Naturally Aspirated,No,Yes
Honda,honda,Accord Plug-In Hybrid,accord_plug_in_hybrid,Naturally Aspirated,No,Yes
Honda,honda,Fit EV,fit_ev,Electric Motor,Yes,Yes
Honda,honda,Accord Crosstour,accord_crosstour,Naturally Aspirated,No,Yes
Honda,honda,Element,element,Naturally Aspirated,No,Yes
Honda,honda,S2000,s_2000,Naturally Aspirated,No,Yes
Honda,honda,Prelude,prelude,Naturally Aspirated,No,Yes
Honda,honda,Civic del Sol,civic_del_sol,Naturally Aspirated,No,Yes
Honda,honda,Civic CRX,civic_crx,Naturally Aspirated,No,Yes
Hyundai,hyundai,Elantra,elantra,Naturally Aspirated,No,Yes
Hyundai,hyundai,Elantra,elantra,Turbocharged,No,Yes
Hyundai,hyundai,IONIQ 5,ioniq_5,Electric Motor,Yes,Yes
Hyundai,hyundai,IONIQ 6,ioniq_6,Electric Motor,Yes,Yes
Hyundai,hyundai,Kona,kona,Turbocharged,No,Yes
Hyundai,hyundai,Kona,kona,Naturally Aspirated,No,Yes
Hyundai,hyundai,Palisade,palisade,Naturally Aspirated,No,Yes
Hyundai,hyundai,Santa Cruz,santa_cruz,Turbocharged,No,Yes
Hyundai,hyundai,Santa Cruz,santa_cruz,Naturally Aspirated,No,Yes
Hyundai,hyundai,Tucson,tucson,Turbocharged,No,Yes
Hyundai,hyundai,Tucson,tucson,Naturally Aspirated,No,Yes
Hyundai,hyundai,Tucson Plug-In Hybrid,tucson_plug_in_hybrid,Turbocharged,No,Yes
Hyundai,hyundai,Venue,venue,Naturally Aspirated,No,Yes
Hyundai,hyundai,Kona Electric,kona_electric,Electric Motor,Yes,Yes
Hyundai,hyundai,NEXO,nexo,Naturally Aspirated,No,Yes
Hyundai,hyundai,Santa Fe,santa_fe,Turbocharged,No,Yes
Hyundai,hyundai,Santa Fe,santa_fe,Naturally Aspirated,No,Yes
Hyundai,hyundai,Santa Fe Hybrid,santa_fe_hybrid,Turbocharged,No,Yes
Hyundai,hyundai,Santa Fe Plug-In Hybrid,santa_fe_plug_in_hybrid,Turbocharged,No,Yes
Hyundai,hyundai,Sonata,sonata,Turbocharged,No,Yes
Hyundai,hyundai,Sonata,sonata,Naturally Aspirated,No,Yes
Hyundai,hyundai,Sonata Hybrid,sonata_hybrid,Naturally Aspirated,No,Yes
Hyundai,hyundai,Accent,accent,Naturally Aspirated,No,Yes
Hyundai,hyundai,Ioniq Hybrid,ioniq_hybrid,Naturally Aspirated,No,Yes
Hyundai,hyundai,Ioniq Plug-In Hybrid,ioniq_plug_in_hybrid,Naturally Aspirated,No,Yes
Hyundai,hyundai,Veloster,veloster,Turbocharged,No,Yes
Hyundai,hyundai,Ioniq Electric,ioniq_electric,Electric Motor,Yes,Yes
Hyundai,hyundai,Veloster,veloster,Naturally Aspirated,No,Yes
Hyundai,hyundai,Elantra GT,elantra_gt,Naturally Aspirated,No,Yes
Hyundai,hyundai,Elantra GT,elantra_gt,Turbocharged,No,Yes
Hyundai,hyundai,Santa Fe XL,santa_fe_xl,Naturally Aspirated,No,Yes
Hyundai,hyundai,Sonata Plug-in Hybrid,sonata_plug_in_hybrid,Naturally Aspirated,No,Yes
Hyundai,hyundai,Santa Fe Sport,santa_fe_sport,Turbocharged,No,Yes
Hyundai,hyundai,Santa Fe Sport,santa_fe_sport,Naturally Aspirated,No,Yes
Hyundai,hyundai,Azera,azera,Naturally Aspirated,No,Yes
Hyundai,hyundai,Equus,equus,Naturally Aspirated,No,Yes
Hyundai,hyundai,Genesis,genesis,Naturally Aspirated,No,Yes
Hyundai,hyundai,Genesis Coupe,genesis_coupe,Naturally Aspirated,No,Yes
Hyundai,hyundai,Elantra Coupe,elantra_coupe,Naturally Aspirated,No,Yes
Hyundai,hyundai,Genesis Coupe,genesis_coupe,Turbocharged,No,Yes
Hyundai,hyundai,Elantra Touring,elantra_touring,Naturally Aspirated,No,Yes
Hyundai,hyundai,Veracruz,veracruz,Naturally Aspirated,No,Yes
Hyundai,hyundai,Entourage,entourage,Naturally Aspirated,No,Yes
Hyundai,hyundai,Tiburon,tiburon,Naturally Aspirated,No,Yes
Hyundai,hyundai,XG350,xg_350,Naturally Aspirated,No,Yes
Hyundai,hyundai,XG300,xg_300,Naturally Aspirated,No,Yes
Hyundai,hyundai,Scoupe,scoupe,Naturally Aspirated,No,Yes
Hyundai,hyundai,Scoupe,scoupe,Turbocharged,No,Yes
Hyundai,hyundai,Excel,excel,Naturally Aspirated,No,Yes
INFINITI,infiniti,QX50,qx_50,Turbocharged,No,Yes
INFINITI,infiniti,QX55,qx_55,Turbocharged,No,Yes
INFINITI,infiniti,QX60,qx_60,Naturally Aspirated,No,Yes
INFINITI,infiniti,QX80,qx_80,Naturally Aspirated,No,Yes
INFINITI,infiniti,Q50,q_50,Twin-Turbo,No,Yes
INFINITI,infiniti,Q60,q_60,Twin-Turbo,No,Yes
INFINITI,infiniti,Q50,q_50,Turbocharged,No,Yes
INFINITI,infiniti,Q70,q_70,Naturally Aspirated,No,Yes
INFINITI,infiniti,QX30,qx_30,Turbocharged,No,Yes
INFINITI,infiniti,Q50,q_50,Naturally Aspirated,No,Yes
INFINITI,infiniti,Q60,q_60,Turbocharged,No,Yes
INFINITI,infiniti,QX50,qx_50,Naturally Aspirated,No,Yes
INFINITI,infiniti,QX60,qx_60,Supercharged,No,Yes
INFINITI,infiniti,QX70,qx_70,Naturally Aspirated,No,Yes
INFINITI,infiniti,Q40,q_40,Naturally Aspirated,No,Yes
INFINITI,infiniti,Q60 Convertible,q_60_convertible,Naturally Aspirated,No,Yes
INFINITI,infiniti,Q60 Coupe,q_60_coupe,Naturally Aspirated,No,Yes
INFINITI,infiniti,EX,ex,Naturally Aspirated,No,Yes
INFINITI,infiniti,FX,fx,Naturally Aspirated,No,Yes
INFINITI,infiniti,G Convertible,g_convertible,Naturally Aspirated,No,Yes
INFINITI,infiniti,G Coupe,g_coupe,Naturally Aspirated,No,Yes
INFINITI,infiniti,G Sedan,g_sedan,Naturally Aspirated,No,Yes
INFINITI,infiniti,JX,jx,Naturally Aspirated,No,Yes
INFINITI,infiniti,M,m,Naturally Aspirated,No,Yes
INFINITI,infiniti,QX,qx,Naturally Aspirated,No,Yes
INFINITI,infiniti,M37,m_37,Naturally Aspirated,No,Yes
INFINITI,infiniti,M56,m_56,Naturally Aspirated,No,Yes
INFINITI,infiniti,QX56,qx_56,Naturally Aspirated,No,Yes
INFINITI,infiniti,EX35,ex_35,Naturally Aspirated,No,Yes
INFINITI,infiniti,FX35,fx_35,Naturally Aspirated,No,Yes
INFINITI,infiniti,FX50,fx_50,Naturally Aspirated,No,Yes
INFINITI,infiniti,G37 Convertible,g_37_convertible,Naturally Aspirated,No,Yes
INFINITI,infiniti,G37 Coupe,g_37_coupe,Naturally Aspirated,No,Yes
INFINITI,infiniti,G37 Sedan,g_37_sedan,Naturally Aspirated,No,Yes
INFINITI,infiniti,M35,m_35,Naturally Aspirated,No,Yes
INFINITI,infiniti,M45,m_45,Naturally Aspirated,No,Yes
INFINITI,infiniti,G37,g_37,Naturally Aspirated,No,Yes
INFINITI,infiniti,FX45,fx_45,Naturally Aspirated,No,Yes
INFINITI,infiniti,G35,g_35,Naturally Aspirated,No,Yes
INFINITI,infiniti,Q45,q_45,Naturally Aspirated,No,Yes
INFINITI,infiniti,I35,i_35,Naturally Aspirated,No,Yes
INFINITI,infiniti,QX4,qx_4,Naturally Aspirated,No,Yes
INFINITI,infiniti,G20,g_20,Naturally Aspirated,No,Yes
INFINITI,infiniti,I30,i_30,Naturally Aspirated,No,Yes
INFINITI,infiniti,J30,j_30,Naturally Aspirated,No,Yes
INFINITI,infiniti,M30,m_30,Naturally Aspirated,No,Yes
Isuzu,isuzu,Ascender,ascender,Naturally Aspirated,No,No
Isuzu,isuzu,i-Series,i_series,Naturally Aspirated,No,No
Isuzu,isuzu,Axiom,axiom,Naturally Aspirated,No,No
Isuzu,isuzu,Rodeo,rodeo,Naturally Aspirated,No,No
Isuzu,isuzu,Rodeo Sport,rodeo_sport,Naturally Aspirated,No,No
Isuzu,isuzu,Trooper,trooper,Naturally Aspirated,No,No
Isuzu,isuzu,VehiCROSS,vehi_cross,Naturally Aspirated,No,No
Isuzu,isuzu,Amigo,amigo,Naturally Aspirated,No,No
Isuzu,isuzu,Hombre,hombre,Naturally Aspirated,No,No
Isuzu,isuzu,Oasis,oasis,Naturally Aspirated,No,No
Isuzu,isuzu,Pickup,pickup,Naturally Aspirated,No,No
Isuzu,isuzu,Stylus,stylus,Naturally Aspirated,No,No
Isuzu,isuzu,Impulse,impulse,Turbocharged,No,No
Isuzu,isuzu,Impulse,impulse,Naturally Aspirated,No,No
Jaguar,jaguar,E-PACE,e_pace,Turbocharged,No,Yes
Jaguar,jaguar,F-PACE,f_pace,Turbocharged,No,Yes
Jaguar,jaguar,F-PACE,f_pace,Twincharged,No,Yes
Jaguar,jaguar,F-PACE,f_pace,Supercharged,No,Yes
Jaguar,jaguar,F-TYPE,f_type,Supercharged,No,Yes
Jaguar,jaguar,I-PACE,i_pace,Electric Motor,Yes,Yes
Jaguar,jaguar,XF,xf,Turbocharged,No,Yes
Jaguar,jaguar,F-TYPE,f_type,Turbocharged,No,Yes
Jaguar,jaguar,XE,xe,Turbocharged,No,Yes
Jaguar,jaguar,XF,xf,Supercharged,No,Yes
Jaguar,jaguar,XE,xe,Supercharged,No,Yes
Jaguar,jaguar,XJ,xj,Supercharged,No,Yes
Jaguar,jaguar,XK,xk,Naturally Aspirated,No,Yes
Jaguar,jaguar,XK,xk,Supercharged,No,Yes
Jaguar,jaguar,XJ,xj,Naturally Aspirated,No,Yes
Jaguar,jaguar,XF,xf,Naturally Aspirated,No,Yes
Jaguar,jaguar,S-Type,s_type,Naturally Aspirated,No,Yes
Jaguar,jaguar,S-Type,s_type,Supercharged,No,Yes
Jaguar,jaguar,X-Type,x_type,Naturally Aspirated,No,Yes
Jaguar,jaguar,XJ-Series,xj_series,Supercharged,No,Yes
Jaguar,jaguar,XJ-Series,xj_series,Naturally Aspirated,No,Yes
Jaguar,jaguar,XK-Series,xk_series,Naturally Aspirated,No,Yes
Jaguar,jaguar,XK-Series,xk_series,Supercharged,No,Yes
Jaguar,jaguar,XJR,xjr,Supercharged,No,Yes
Jaguar,jaguar,XKR,xkr,Supercharged,No,Yes
Jeep,jeep,Compass,compass,Turbocharged,No,Yes
Jeep,jeep,Grand Cherokee,grand_cherokee,Naturally Aspirated,No,Yes
Jeep,jeep,Grand Cherokee 4xe,grand_cherokee_4_xe,Turbocharged,No,Yes
Jeep,jeep,Grand Cherokee L,grand_cherokee_l,Naturally Aspirated,No,Yes
Jeep,jeep,Grand Wagoneer,grand_wagoneer,Twin-Turbo,No,Yes
Jeep,jeep,Grand Wagoneer L,grand_wagoneer_l,Twin-Turbo,No,Yes
Jeep,jeep,Wagoneer,wagoneer,Twin-Turbo,No,Yes
Jeep,jeep,Wagoneer L,wagoneer_l,Twin-Turbo,No,Yes
Jeep,jeep,Wrangler,wrangler,Naturally Aspirated,No,Yes
Jeep,jeep,Wrangler,wrangler,Turbocharged,No,Yes
Jeep,jeep,Wrangler 4xe,wrangler_4_xe,Turbocharged,No,Yes
Jeep,jeep,Cherokee,cherokee,Naturally Aspirated,No,Yes
Jeep,jeep,Cherokee,cherokee,Turbocharged,No,Yes
Jeep,jeep,Gladiator,gladiator,Naturally Aspirated,No,Yes
Jeep,jeep,Grand Wagoneer,grand_wagoneer,Naturally Aspirated,No,Yes
Jeep,jeep,Renegade,renegade,Turbocharged,No,Yes
Jeep,jeep,Wagoneer,wagoneer,Naturally Aspirated,No,Yes
Jeep,jeep,Compass,compass,Naturally Aspirated,No,Yes
Jeep,jeep,Grand Cherokee WK,grand_cherokee_wk,Naturally Aspirated,No,Yes
Jeep,jeep,Grand Cherokee,grand_cherokee,Supercharged,No,Yes
Jeep,jeep,Renegade,renegade,Naturally Aspirated,No,Yes
Jeep,jeep,Wrangler JK,wrangler_jk,Naturally Aspirated,No,Yes
Jeep,jeep,Grand Cherokee,grand_cherokee,Turbocharged,No,Yes
Jeep,jeep,Grand Cherokee SRT,grand_cherokee_srt,Naturally Aspirated,No,Yes
Jeep,jeep,Patriot,patriot,Naturally Aspirated,No,Yes
Jeep,jeep,Liberty,liberty,Naturally Aspirated,No,Yes
Jeep,jeep,Commander,commander,Naturally Aspirated,No,Yes
Karma,karma,GS-6,gs_6,Turbocharged,No,No
Karma,karma,Revero GT,revero_gt,Turbocharged,No,No
Kia,kia,Carnival,carnival,Naturally Aspirated,No,Yes
Kia,kia,EV6,ev_6,Electric Motor,Yes,Yes
Kia,kia,Forte,forte,Turbocharged,No,Yes
Kia,kia,Forte,forte,Naturally Aspirated,No,Yes
Kia,kia,K5,k_5,Turbocharged,No,Yes
Kia,kia,Niro,niro,Naturally Aspirated,No,Yes
Kia,kia,Niro EV,niro_ev,Electric Motor,Yes,Yes
Kia,kia,Niro Plug-In Hybrid,niro_plug_in_hybrid,Naturally Aspirated,No,Yes
Kia,kia,Seltos,seltos,Naturally Aspirated,No,Yes
Kia,kia,Seltos,seltos,Turbocharged,No,Yes
Kia,kia,Soul,soul,Naturally Aspirated,No,Yes
Kia,kia,Sportage,sportage,Naturally Aspirated,No,Yes
Kia,kia,Telluride,telluride,Naturally Aspirated,No,Yes
Kia,kia,Rio,rio,Naturally Aspirated,No,Yes
Kia,kia,Sorento,sorento,Turbocharged,No,Yes
Kia,kia,Sorento,sorento,Naturally Aspirated,No,Yes
Kia,kia,Sorento Hybrid,sorento_hybrid,Turbocharged,No,Yes
Kia,kia,Sorento Plug-In Hybrid,sorento_plug_in_hybrid,Turbocharged,No,Yes
Kia,kia,Sportage Hybrid,sportage_hybrid,Turbocharged,No,Yes
Kia,kia,Sportage Plug-In Hybrid,sportage_plug_in_hybrid,Turbocharged,No,Yes
Kia,kia,Stinger,stinger,Turbocharged,No,Yes
Kia,kia,Stinger,stinger,Twin-Turbo,No,Yes
Kia,kia,Soul,soul,Turbocharged,No,Yes
Kia,kia,Sportage,sportage,Turbocharged,No,Yes
Kia,kia,Sedona,sedona,Naturally Aspirated,No,Yes
Kia,kia,Cadenza,cadenza,Naturally Aspirated,No,Yes
Kia,kia,K900,k_900,Twin-Turbo,No,Yes
Kia,kia,Optima,optima,Turbocharged,No,Yes
Kia,kia,Optima,optima,Naturally Aspirated,No,Yes
Kia,kia,Optima Hybrid,optima_hybrid,Naturally Aspirated,No,Yes
Kia,kia,Optima Plug-In Hybrid,optima_plug_in_hybrid,Naturally Aspirated,No,Yes
Kia,kia,Soul EV,soul_ev,Electric Motor,Yes,Yes
Kia,kia,K900,k_900,Naturally Aspirated,No,Yes
Kia,kia,Amanti,amanti,Naturally Aspirated,No,Yes
Kia,kia,Borrego,borrego,Naturally Aspirated,No,Yes
Kia,kia,Rondo,rondo,Naturally Aspirated,No,Yes
Kia,kia,Spectra,spectra,Naturally Aspirated,No,Yes
Kia,kia,Sephia,sephia,Naturally Aspirated,No,Yes
Lamborghini,lamborghini,Huracan,huracan,Naturally Aspirated,No,No
Lamborghini,lamborghini,Huracan STO,huracan_sto,Naturally Aspirated,No,No
Lamborghini,lamborghini,Urus,urus,Twin-Turbo,No,No
Lamborghini,lamborghini,Aventador,aventador,Naturally Aspirated,No,No
Lamborghini,lamborghini,Gallardo,gallardo,Naturally Aspirated,No,No
Lamborghini,lamborghini,Murcielago,murcielago,Naturally Aspirated,No,No
Lamborghini,lamborghini,Reventon,reventon,Naturally Aspirated,No,No
Lamborghini,lamborghini,Diablo,diablo,Naturally Aspirated,No,No
Land Rover,land_rover,Defender,defender,Turbocharged,No,Yes
Land Rover,land_rover,Defender,defender,Twincharged,No,Yes
Land Rover,land_rover,Defender,defender,Supercharged,No,Yes
Land Rover,land_rover,Discovery,discovery,Turbocharged,No,Yes
Land Rover,land_rover,Discovery,discovery,Twincharged,No,Yes
Land Rover,land_rover,Discovery Sport,discovery_sport,Turbocharged,No,Yes
Land Rover,land_rover,Range Rover,range_rover,Twincharged,No,Yes
Land Rover,land_rover,Range Rover,range_rover,Twin-Turbo,No,Yes
Land Rover,land_rover,Range Rover Evoque,range_rover_evoque,Turbocharged,No,Yes
Land Rover,land_rover,Range Rover Velar,range_rover_velar,Turbocharged,No,Yes
Land Rover,land_rover,Range Rover Velar,range_rover_velar,Twincharged,No,Yes
Land Rover,land_rover,Range Rover Sport,range_rover_sport,Twincharged,No,Yes
Land Rover,land_rover,Range Rover Sport,range_rover_sport,Twin-Turbo,No,Yes
Land Rover,land_rover,Range Rover,range_rover,Supercharged,No,Yes
Land Rover,land_rover,Range Rover Sport,range_rover_sport,Turbocharged,No,Yes
Land Rover,land_rover,Range Rover Sport,range_rover_sport,Supercharged,No,Yes
Land Rover,land_rover,Range Rover,range_rover,Turbocharged,No,Yes
Land Rover,land_rover,Discovery,discovery,Supercharged,No,Yes
Land Rover,land_rover,Range Rover Velar,range_rover_velar,Supercharged,No,Yes
Land Rover,land_rover,LR4,lr_4,Supercharged,No,Yes
Land Rover,land_rover,LR2,lr_2,Turbocharged,No,Yes
Land Rover,land_rover,LR4,lr_4,Naturally Aspirated,No,Yes
Land Rover,land_rover,Range Rover,range_rover,Naturally Aspirated,No,Yes
Land Rover,land_rover,Range Rover Sport,range_rover_sport,Naturally Aspirated,No,Yes
Land Rover,land_rover,LR2,lr_2,Naturally Aspirated,No,Yes
Land Rover,land_rover,LR3,lr_3,Naturally Aspirated,No,Yes
Land Rover,land_rover,Freelander,freelander,Naturally Aspirated,No,Yes
Land Rover,land_rover,Discovery,discovery,Naturally Aspirated,No,Yes
Land Rover,land_rover,Discovery Series II,discovery_series_ii,Naturally Aspirated,No,Yes
Land Rover,land_rover,Defender,defender,Naturally Aspirated,No,Yes
Lexus,lexus,ES,es,Naturally Aspirated,No,Yes
Lexus,lexus,IS,is,Turbocharged,No,Yes
Lexus,lexus,IS,is,Naturally Aspirated,No,Yes
Lexus,lexus,LC,lc,Naturally Aspirated,No,Yes
Lexus,lexus,LX,lx,Twin-Turbo,No,Yes
Lexus,lexus,NX,nx,Naturally Aspirated,No,Yes
Lexus,lexus,NX,nx,Turbocharged,No,Yes
Lexus,lexus,RC,rc,Naturally Aspirated,No,Yes
Lexus,lexus,RC,rc,Turbocharged,No,Yes
Lexus,lexus,RX,rx,Turbocharged,No,Yes
Lexus,lexus,RX,rx,Naturally Aspirated,No,Yes
Lexus,lexus,TX,tx,Turbocharged,No,Yes
Lexus,lexus,UX,ux,Naturally Aspirated,No,Yes
Lexus,lexus,ES 250,es_250,Naturally Aspirated,No,Yes
Lexus,lexus,ES 300h,es_300_h,Naturally Aspirated,No,Yes
Lexus,lexus,ES 350,es_350,Naturally Aspirated,No,Yes
Lexus,lexus,GX 460,gx_460,Naturally Aspirated,No,Yes
Lexus,lexus,IS 300,is_300,Turbocharged,No,Yes
Lexus,lexus,IS 300,is_300,Naturally Aspirated,No,Yes
Lexus,lexus,IS 350,is_350,Naturally Aspirated,No,Yes
Lexus,lexus,IS 500,is_500,Naturally Aspirated,No,Yes
Lexus,lexus,LC 500,lc_500,Naturally Aspirated,No,Yes
Lexus,lexus,LC 500 Convertible,lc_500_convertible,Naturally Aspirated,No,Yes
Lexus,lexus,LC 500h,lc_500_h,Naturally Aspirated,No,Yes
Lexus,lexus,LS 500,ls_500,Twin-Turbo,No,Yes
Lexus,lexus,LS 500h,ls_500_h,Naturally Aspirated,No,Yes
Lexus,lexus,LX 600,lx_600,Twin-Turbo,No,Yes
Lexus,lexus,NX 250,nx_250,Naturally Aspirated,No,Yes
Lexus,lexus,NX 350,nx_350,Turbocharged,No,Yes
Lexus,lexus,NX 350h,nx_350_h,Naturally Aspirated,No,Yes
Lexus,lexus,NX 450h+,nx_450_h,Naturally Aspirated,No,Yes
Lexus,lexus,RC 300,rc_300,Turbocharged,No,Yes
Lexus,lexus,RC 300,rc_300,Naturally Aspirated,No,Yes
Lexus,lexus,RC 350,rc_350,Naturally Aspirated,No,Yes
Lexus,lexus,RC F,rc_f,Naturally Aspirated,No,Yes
Lexus,lexus,RX 350,rx_350,Turbocharged,No,Yes
Lexus,lexus,RX 350h,rx_350_h,Naturally Aspirated,No,Yes
Lexus,lexus,RX 500h,rx_500_h,Turbocharged,No,Yes
Lexus,lexus,RZ 450e,rz_450_e,Electric Motor,Yes,Yes
Lexus,lexus,UX 250h,ux_250_h,Naturally Aspirated,No,Yes
Lexus,lexus,RX 350,rx_350,Naturally Aspirated,No,Yes
Lexus,lexus,RX 350L,rx_350_l,Naturally Aspirated,No,Yes
Lexus,lexus,RX 450h,rx_450_h,Naturally Aspirated,No,Yes
Lexus,lexus,RX 450hL,rx_450_h_l,Naturally Aspirated,No,Yes
Lexus,lexus,UX 200,ux_200,Naturally Aspirated,No,Yes
Lexus,lexus,LX 570,lx_570,Naturally Aspirated,No,Yes
Lexus,lexus,NX 300,nx_300,Turbocharged,No,Yes
Lexus,lexus,NX 300h,nx_300_h,Naturally Aspirated,No,Yes
Lexus,lexus,GS 350,gs_350,Naturally Aspirated,No,Yes
Lexus,lexus,GS F,gs_f,Naturally Aspirated,No,Yes
Lexus,lexus,GS 300,gs_300,Turbocharged,No,Yes
Lexus,lexus,GS 450h,gs_450_h,Naturally Aspirated,No,Yes
Lexus,lexus,CT 200h,ct_200_h,Naturally Aspirated,No,Yes
Lexus,lexus,GS 200t,gs_200_t,Turbocharged,No,Yes
Lexus,lexus,IS 200t,is_200_t,Turbocharged,No,Yes
Lexus,lexus,LS 460,ls_460,Naturally Aspirated,No,Yes
Lexus,lexus,NX 200t,nx_200_t,Turbocharged,No,Yes
Lexus,lexus,RC 200t,rc_200_t,Turbocharged,No,Yes
Lexus,lexus,LS 600h L,ls_600_h_l,Naturally Aspirated,No,Yes
Lexus,lexus,IS 250,is_250,Naturally Aspirated,No,Yes
Lexus,lexus,IS 250 C,is_250_c,Naturally Aspirated,No,Yes
Lexus,lexus,IS 350 C,is_350_c,Naturally Aspirated,No,Yes
Lexus,lexus,IS F,is_f,Naturally Aspirated,No,Yes
Lexus,lexus,HS 250h,hs_250_h,Naturally Aspirated,No,Yes
Lexus,lexus,LFA,lfa,Naturally Aspirated,No,Yes
Lexus,lexus,GS 460,gs_460,Naturally Aspirated,No,Yes
Lexus,lexus,SC 430,sc_430,Naturally Aspirated,No,Yes
Lexus,lexus,GX 470,gx_470,Naturally Aspirated,No,Yes
Lexus,lexus,RX 400h,rx_400_h,Naturally Aspirated,No,Yes
Lexus,lexus,GS 430,gs_430,Naturally Aspirated,No,Yes
Lexus,lexus,LX 470,lx_470,Naturally Aspirated,No,Yes
Lexus,lexus,ES 330,es_330,Naturally Aspirated,No,Yes
Lexus,lexus,GS 300,gs_300,Naturally Aspirated,No,Yes
Lexus,lexus,LS 430,ls_430,Naturally Aspirated,No,Yes
Lexus,lexus,RX 330,rx_330,Naturally Aspirated,No,Yes
Lexus,lexus,ES 300,es_300,Naturally Aspirated,No,Yes
Lexus,lexus,RX 300,rx_300,Naturally Aspirated,No,Yes
Lexus,lexus,LS 400,ls_400,Naturally Aspirated,No,Yes
Lincoln,lincoln,Corsair,corsair,Naturally Aspirated,No,Yes
Lincoln,lincoln,Corsair,corsair,Turbocharged,No,Yes
Lincoln,lincoln,Nautilus,nautilus,Turbocharged,No,Yes
Lincoln,lincoln,Navigator,navigator,Twin-Turbo,No,Yes
Lincoln,lincoln,Aviator,aviator,Twin-Turbo,No,Yes
Lincoln,lincoln,Nautilus,nautilus,Twin-Turbo,No,Yes
Lincoln,lincoln,Continental,continental,Naturally Aspirated,No,Yes
Lincoln,lincoln,Continental,continental,Twin-Turbo,No,Yes
Lincoln,lincoln,MKZ,mkz,Turbocharged,No,Yes
Lincoln,lincoln,MKZ,mkz,Naturally Aspirated,No,Yes
Lincoln,lincoln,MKC,mkc,Turbocharged,No,Yes
Lincoln,lincoln,MKT,mkt,Twin-Turbo,No,Yes
Lincoln,lincoln,MKT,mkt,Naturally Aspirated,No,Yes
Lincoln,lincoln,MKX,mkx,Naturally Aspirated,No,Yes
Lincoln,lincoln,MKS,mks,Naturally Aspirated,No,Yes
Lincoln,lincoln,MKS,mks,Twin-Turbo,No,Yes
Lincoln,lincoln,Navigator,navigator,Naturally Aspirated,No,Yes
Lincoln,lincoln,MKZ Hybrid,mkz_hybrid,Naturally Aspirated,No,Yes
Lincoln,lincoln,Town Car,town_car,Naturally Aspirated,No,Yes
Lincoln,lincoln,Navigator L,navigator_l,Naturally Aspirated,No,Yes
Lincoln,lincoln,Mark LT,mark_lt,Naturally Aspirated,No,Yes
Lincoln,lincoln,LS,ls,Naturally Aspirated,No,Yes
Lincoln,lincoln,Zephyr,zephyr,Naturally Aspirated,No,Yes
Lincoln,lincoln,Aviator,aviator,Naturally Aspirated,No,Yes
Lincoln,lincoln,Blackwood,blackwood,Naturally Aspirated,No,Yes
Lincoln,lincoln,Mark VIII,mark_viii,Naturally Aspirated,No,Yes
Lincoln,lincoln,Mark VII,mark_vii,Naturally Aspirated,No,Yes
Lotus,lotus,Evora GT,evora_gt,Supercharged,No,No
Lotus,lotus,Evora 400,evora_400,Supercharged,No,No
Lotus,lotus,Evora,evora,Naturally Aspirated,No,No
Lotus,lotus,Evora,evora,Supercharged,No,No
Lotus,lotus,Elise,elise,Naturally Aspirated,No,No
Lotus,lotus,Elise,elise,Supercharged,No,No
Lotus,lotus,Exige,exige,Supercharged,No,No
Lotus,lotus,Exige,exige,Naturally Aspirated,No,No
Lotus,lotus,Esprit,esprit,Twin-Turbo,No,No
Lucid,lucid,Air,air,Electric Motor,Yes,No
MINI,mini,Clubman,clubman,Turbocharged,No,Yes
MINI,mini,Convertible,convertible,Turbocharged,No,Yes
MINI,mini,Countryman,countryman,Turbocharged,No,Yes
MINI,mini,Hardtop 2 Door,hardtop_2_door,Turbocharged,No,Yes
MINI,mini,Hardtop 2 Door,hardtop_2_door,Electric Motor,Yes,Yes
MINI,mini,Hardtop 4 Door,hardtop_4_door,Turbocharged,No,Yes
MINI,mini,Cooper,cooper,Turbocharged,No,Yes
MINI,mini,Cooper Clubman,cooper_clubman,Turbocharged,No,Yes
MINI,mini,Cooper Countryman,cooper_countryman,Naturally Aspirated,No,Yes
MINI,mini,Cooper Countryman,cooper_countryman,Turbocharged,No,Yes
MINI,mini,Cooper Paceman,cooper_paceman,Naturally Aspirated,No,Yes
MINI,mini,Cooper Paceman,cooper_paceman,Turbocharged,No,Yes
MINI,mini,Cooper,cooper,Naturally Aspirated,No,Yes
MINI,mini,Cooper Coupe,cooper_coupe,Naturally Aspirated,No,Yes
MINI,mini,Cooper Coupe,cooper_coupe,Turbocharged,No,Yes
MINI,mini,Cooper Roadster,cooper_roadster,Naturally Aspirated,No,Yes
MINI,mini,Cooper Roadster,cooper_roadster,Turbocharged,No,Yes
MINI,mini,Cooper Clubman,cooper_clubman,Naturally Aspirated,No,Yes
MINI,mini,Cooper,cooper,Supercharged,No,Yes
Maserati,maserati,Ghibli,ghibli,Twin-Turbo,No,No
Maserati,maserati,Levante,levante,Twin-Turbo,No,No
Maserati,maserati,MC20,mc_20,Twin-Turbo,No,No
Maserati,maserati,Quattroporte,quattroporte,Twin-Turbo,No,No
Maserati,maserati,GranTurismo Convertible,gran_turismo_convertible,Naturally Aspirated,No,No
Maserati,maserati,GranTurismo,gran_turismo,Naturally Aspirated,No,No
Maserati,maserati,Quattroporte,quattroporte,Naturally Aspirated,No,No
Maserati,maserati,Coupe,coupe,Naturally Aspirated,No,No
Maserati,maserati,GranSport,gran_sport,Naturally Aspirated,No,No
Maserati,maserati,Spyder,spyder,Naturally Aspirated,No,No
Maybach,maybach,57,57,Twin-Turbo,No,No
Maybach,maybach,62,62,Twin-Turbo,No,No
Maybach,maybach,Landaulet,landaulet,Twin-Turbo,No,No
Mazda,mazda,3,3,Turbocharged,No,Yes
Mazda,mazda,3,3,Naturally Aspirated,No,Yes
Mazda,mazda,CX-30,cx_30,Turbocharged,No,Yes
Mazda,mazda,CX-30,cx_30,Naturally Aspirated,No,Yes
Mazda,mazda,CX-5,cx_5,Turbocharged,No,Yes
Mazda,mazda,CX-5,cx_5,Naturally Aspirated,No,Yes
Mazda,mazda,CX-50,cx_50,Naturally Aspirated,No,Yes
Mazda,mazda,CX-50,cx_50,Turbocharged,No,Yes
Mazda,mazda,CX-90,cx_90,Turbocharged,No,Yes
Mazda,mazda,CX-90,cx_90,Naturally Aspirated,No,Yes
Mazda,mazda,CX-9,cx_9,Turbocharged,No,Yes
Mazda,mazda,MX-30,mx_30,Electric Motor,Yes,Yes
Mazda,mazda,MX-5 Miata,mx_5_miata,Naturally Aspirated,No,Yes
Mazda,mazda,MX-5 Miata RF,mx_5_miata_rf,Naturally Aspirated,No,Yes
Mazda,mazda,6,6,Turbocharged,No,Yes
Mazda,mazda,6,6,Naturally Aspirated,No,Yes
Mazda,mazda,CX-3,cx_3,Naturally Aspirated,No,Yes
Mazda,mazda,CX-5,cx_5,Twin-Turbo,No,Yes
Mazda,mazda,5,5,Naturally Aspirated,No,Yes
Mazda,mazda,CX-9,cx_9,Naturally Aspirated,No,Yes
Mazda,mazda,2,2,Naturally Aspirated,No,Yes
Mazda,mazda,Mazdaspeed 3,mazdaspeed_3,Turbocharged,No,Yes
Mazda,mazda,CX-7,cx_7,Naturally Aspirated,No,Yes
Mazda,mazda,CX-7,cx_7,Turbocharged,No,Yes
Mazda,mazda,RX-8,rx_8,Naturally Aspirated,No,Yes
Mazda,mazda,Tribute,tribute,Naturally Aspirated,No,Yes
Mazda,mazda,B-Series Truck,b_series_truck,Naturally Aspirated,No,Yes
Mazda,mazda,Tribute Hybrid,tribute_hybrid,Naturally Aspirated,No,Yes
Mazda,mazda,Mazdaspeed 6,mazdaspeed_6,Turbocharged,No,Yes
Mazda,mazda,MPV,mpv,Naturally Aspirated,No,Yes
Mazda,mazda,Mazdaspeed MX-5 Miata,mazdaspeed_mx_5_miata,Turbocharged,No,Yes
Mazda,mazda,Mazdaspeed Protege,mazdaspeed_protege,Turbocharged,No,Yes
Mazda,mazda,Protege,protege,Naturally Aspirated,No,Yes
Mazda,mazda,Protege5,protege_5,Naturally Aspirated,No,Yes
Mazda,mazda,Truck,truck,Naturally Aspirated,No,Yes
Mazda,mazda,626,626,Naturally Aspirated,No,Yes
Mazda,mazda,Millenia,millenia,Naturally Aspirated,No,Yes
Mazda,mazda,Millenia,millenia,Supercharged,No,Yes
Mazda,mazda,B-Series,b_series,Naturally Aspirated,No,Yes
Mazda,mazda,MX-6,mx_6,Naturally Aspirated,No,Yes
Mazda,mazda,929,929,Naturally Aspirated,No,Yes
Mazda,mazda,MX-3,mx_3,Naturally Aspirated,No,Yes
Mazda,mazda,RX-7,rx_7,Twin-Turbo,No,Yes
Mazda,mazda,323,323,Naturally Aspirated,No,Yes
Mazda,mazda,Navajo,navajo,Naturally Aspirated,No,Yes
Mazda,mazda,B-Series Pickup,b_series_pickup,Naturally Aspirated,No,Yes
Mazda,mazda,626,626,Turbocharged,No,Yes
McLaren,mc_laren,720S,720_s,Twin-Turbo,No,No
McLaren,mc_laren,720S Spider,720_s_spider,Twin-Turbo,No,No
McLaren,mc_laren,Artura,artura,Twin-Turbo,No,No
McLaren,mc_laren,GT,gt,Twin-Turbo,No,No
McLaren,mc_laren,765LT Spider,765_lt_spider,Twin-Turbo,No,No
McLaren,mc_laren,765LT,765_lt,Twin-Turbo,No,No
McLaren,mc_laren,Elva,elva,Twin-Turbo,No,No
McLaren,mc_laren,570S,570_s,Twin-Turbo,No,No
McLaren,mc_laren,570S Spider,570_s_spider,Twin-Turbo,No,No
McLaren,mc_laren,600LT Spider,600_lt_spider,Twin-Turbo,No,No
McLaren,mc_laren,570GT,570_gt,Twin-Turbo,No,No
McLaren,mc_laren,600LT,600_lt,Twin-Turbo,No,No
McLaren,mc_laren,Senna,senna,Twin-Turbo,No,No
McLaren,mc_laren,675LT Coupe,675_lt_coupe,Twin-Turbo,No,No
McLaren,mc_laren,675LT Spider,675_lt_spider,Twin-Turbo,No,No
McLaren,mc_laren,650S Coupe,650_s_coupe,Twin-Turbo,No,No
McLaren,mc_laren,650S Spider,650_s_spider,Twin-Turbo,No,No
McLaren,mc_laren,MP4-12C,mp_4_12_c,Twin-Turbo,No,No
McLaren,mc_laren,MP4-12C Spider,mp_4_12_c_spider,Twin-Turbo,No,No
Mercedes-Benz,mercedes_benz,AMG GT,amg_gt,Turbocharged,No,Yes
Mercedes-Benz,mercedes_benz,AMG GT,amg_gt,Twincharged,No,Yes
Mercedes-Benz,mercedes_benz,AMG GT,amg_gt,Twin-Turbo,No,Yes
Mercedes-Benz,mercedes_benz,CLA-Class,cla_class,Turbocharged,No,Yes
Mercedes-Benz,mercedes_benz,EQB,eqb,Electric Motor,Yes,Yes
Mercedes-Benz,mercedes_benz,EQE SUV,eqe_suv,Electric Motor,Yes,Yes
Mercedes-Benz,mercedes_benz,EQS,eqs,Electric Motor,Yes,Yes
Mercedes-Benz,mercedes_benz,EQS SUV,eqs_suv,Electric Motor,Yes,Yes
Mercedes-Benz,mercedes_benz,GLB-Class,glb_class,Turbocharged,No,Yes
Mercedes-Benz,mercedes_benz,GLC-Class,glc_class,Turbocharged,No,Yes
Mercedes-Benz,mercedes_benz,GLC-Class Coupe,glc_class_coupe,Turbocharged,No,Yes
Mercedes-Benz,mercedes_benz,GLE-Class,gle_class,Twincharged,No,Yes
Mercedes-Benz,mercedes_benz,GLE-Class,gle_class,Twin-Turbo,No,Yes
Mercedes-Benz,mercedes_benz,GLE-Class,gle_class,Turbocharged,No,Yes
Mercedes-Benz,mercedes_benz,GLE-Class Coupe,gle_class_coupe,Twincharged,No,Yes
Mercedes-Benz,mercedes_benz,GLE-Class Coupe,gle_class_coupe,Twin-Turbo,No,Yes
Mercedes-Benz,mercedes_benz,GLS-Class,gls_class,Twincharged,No,Yes
Mercedes-Benz,mercedes_benz,GLS-Class,gls_class,Turbocharged,No,Yes
Mercedes-Benz,mercedes_benz,GLS-Class,gls_class,Twin-Turbo,No,Yes
Mercedes-Benz,mercedes_benz,Maybach EQS SUV,maybach_eqs_suv,Electric Motor,Yes,Yes
Mercedes-Benz,mercedes_benz,SL-Class,sl_class,Turbocharged,No,Yes
Mercedes-Benz,mercedes_benz,SL-Class,sl_class,Twin-Turbo,No,Yes
Mercedes-Benz,mercedes_benz,Sprinter,sprinter,Turbocharged,No,Yes
Mercedes-Benz,mercedes_benz,eSprinter,e_sprinter,Electric Motor,Yes,Yes
Mercedes-Benz,mercedes_benz,C-Class,c_class,Twin-Turbo,No,Yes
Mercedes-Benz,mercedes_benz,C-Class,c_class,Turbocharged,No,Yes
Mercedes-Benz,mercedes_benz,CLS-Class,cls_class,Turbocharged,No,Yes
Mercedes-Benz,mercedes_benz,E-Class,e_class,Twincharged,No,Yes
Mercedes-Benz,mercedes_benz,E-Class,e_class,Twin-Turbo,No,Yes
Mercedes-Benz,mercedes_benz,E-Class,e_class,Turbocharged,No,Yes
Mercedes-Benz,mercedes_benz,EQE,eqe,Electric Motor,Yes,Yes
Mercedes-Benz,mercedes_benz,G-Class,g_class,Twin-Turbo,No,Yes
Mercedes-Benz,mercedes_benz,GLA-Class,gla_class,Turbocharged,No,Yes
Mercedes-Benz,mercedes_benz,GLC-Class Coupe,glc_class_coupe,Twin-Turbo,No,Yes
Mercedes-Benz,mercedes_benz,Maybach,maybach,Twin-Turbo,No,Yes
Mercedes-Benz,mercedes_benz,Maybach GLS,maybach_gls,Twin-Turbo,No,Yes
Mercedes-Benz,mercedes_benz,Metris,metris,Turbocharged,No,Yes
Mercedes-Benz,mercedes_benz,S-Class,s_class,Twincharged,No,Yes
Mercedes-Benz,mercedes_benz,S-Class,s_class,Twin-Turbo,No,Yes
Mercedes-Benz,mercedes_benz,S-Class,s_class,Turbocharged,No,Yes
Mercedes-Benz,mercedes_benz,A-Class,a_class,Turbocharged,No,Yes
Mercedes-Benz,mercedes_benz,GLC-Class,glc_class,Twin-Turbo,No,Yes
Mercedes-Benz,mercedes_benz,CLS-Class,cls_class,Twincharged,No,Yes
Mercedes-Benz,mercedes_benz,SLC-Class,slc_class,Twin-Turbo,No,Yes
Mercedes-Benz,mercedes_benz,SLC-Class,slc_class,Turbocharged,No,Yes
Mercedes-Benz,mercedes_benz,CLS-Class,cls_class,Twin-Turbo,No,Yes
Mercedes-Benz,mercedes_benz,GLE-Class,gle_class,Naturally Aspirated,No,Yes
Mercedes-Benz,mercedes_benz,Sprinter Worker,sprinter_worker,Turbocharged,No,Yes
Mercedes-Benz,mercedes_benz,B-Class Electric Drive,b_class_electric_drive,Electric Motor,Yes,Yes
Mercedes-Benz,mercedes_benz,Sprinter,sprinter,Twin-Turbo,No,Yes
Mercedes-Benz,mercedes_benz,Sprinter Worker,sprinter_worker,Twin-Turbo,No,Yes
Mercedes-Benz,mercedes_benz,E-Class,e_class,Naturally Aspirated,No,Yes
Mercedes-Benz,mercedes_benz,GL-Class,gl_class,Turbocharged,No,Yes
Mercedes-Benz,mercedes_benz,GL-Class,gl_class,Twin-Turbo,No,Yes
Mercedes-Benz,mercedes_benz,SLK-Class,slk_class,Naturally Aspirated,No,Yes
Mercedes-Benz,mercedes_benz,SLK-Class,slk_class,Turbocharged,No,Yes
Mercedes-Benz,mercedes_benz,C-Class,c_class,Naturally Aspirated,No,Yes
Mercedes-Benz,mercedes_benz,G-Class,g_class,Naturally Aspirated,No,Yes
Mercedes-Benz,mercedes_benz,GLK-Class,glk_class,Twin-Turbo,No,Yes
Mercedes-Benz,mercedes_benz,GLK-Class,glk_class,Naturally Aspirated,No,Yes
Mercedes-Benz,mercedes_benz,M-Class,m_class,Twin-Turbo,No,Yes
Mercedes-Benz,mercedes_benz,M-Class,m_class,Naturally Aspirated,No,Yes
Mercedes-Benz,mercedes_benz,SLS AMG GT Final Edition,sls_amg_gt_final_edition,Naturally Aspirated,No,Yes
Mercedes-Benz,mercedes_benz,CL-Class,cl_class,Twin-Turbo,No,Yes
Mercedes-Benz,mercedes_benz,M-Class,m_class,Turbocharged,No,Yes
Mercedes-Benz,mercedes_benz,SLS AMG GT,sls_amg_gt,Naturally Aspirated,No,Yes
Mercedes-Benz,mercedes_benz,S-Class,s_class,Naturally Aspirated,No,Yes
Mercedes-Benz,mercedes_benz,GL-Class,gl_class,Naturally Aspirated,No,Yes
Mercedes-Benz,mercedes_benz,R-Class,r_class,Naturally Aspirated,No,Yes
Mercedes-Benz,mercedes_benz,R-Class,r_class,Turbocharged,No,Yes
Mercedes-Benz,mercedes_benz,SL-Class,sl_class,Naturally Aspirated,No,Yes
Mercedes-Benz,mercedes_benz,SLS AMG,sls_amg,Naturally Aspirated,No,Yes
Mercedes-Benz,mercedes_benz,CLS-Class,cls_class,Naturally Aspirated,No,Yes
Mercedes-Benz,mercedes_benz,G-Class,g_class,Supercharged,No,Yes
Mercedes-Benz,mercedes_benz,CL-Class,cl_class,Naturally Aspirated,No,Yes
Mercedes-Benz,mercedes_benz,CLK-Class,clk_class,Naturally Aspirated,No,Yes
Mercedes-Benz,mercedes_benz,SLR McLaren,slr_mc_laren,Supercharged,No,Yes
Mercedes-Benz,mercedes_benz,SL-Class,sl_class,Supercharged,No,Yes
Mercedes-Benz,mercedes_benz,CL-Class,cl_class,Supercharged,No,Yes
Mercedes-Benz,mercedes_benz,CLS-Class,cls_class,Supercharged,No,Yes
Mercedes-Benz,mercedes_benz,E-Class,e_class,Supercharged,No,Yes
Mercedes-Benz,mercedes_benz,S-Class,s_class,Supercharged,No,Yes
Mercedes-Benz,mercedes_benz,C-Class,c_class,Supercharged,No,Yes
Mercedes-Benz,mercedes_benz,SLK-Class,slk_class,Supercharged,No,Yes
Mercedes-Benz,mercedes_benz,C43 AMG,c_43_amg,Naturally Aspirated,No,Yes
Mercedes-Benz,mercedes_benz,E55 AMG,e_55_amg,Naturally Aspirated,No,Yes
Mercedes-Benz,mercedes_benz,ML55 AMG,ml_55_amg,Naturally Aspirated,No,Yes
Mercedes-Benz,mercedes_benz,E-Class,e_class,Turbodiesel,No,Yes
Mercedes-Benz,mercedes_benz,C36 AMG,c_36_amg,Naturally Aspirated,No,Yes
Mercedes-Benz,mercedes_benz,S-Class,s_class,Turbodiesel,No,Yes
Mercury,mercury,Grand Marquis,grand_marquis,Naturally Aspirated,No,No
Mercury,mercury,Mariner,mariner,Naturally Aspirated,No,No
Mercury,mercury,Mariner Hybrid,mariner_hybrid,Naturally Aspirated,No,No
Mercury,mercury,Milan,milan,Naturally Aspirated,No,No
Mercury,mercury,Milan Hybrid,milan_hybrid,Naturally Aspirated,No,No
Mercury,mercury,Mountaineer,mountaineer,Naturally Aspirated,No,No
Mercury,mercury,Sable,sable,Naturally Aspirated,No,No
Mercury,mercury,Montego,montego,Naturally Aspirated,No,No
Mercury,mercury,Monterey,monterey,Naturally Aspirated,No,No
Mercury,mercury,Marauder,marauder,Naturally Aspirated,No,No
Mercury,mercury,Cougar,cougar,Naturally Aspirated,No,No
Mercury,mercury,Villager,villager,Naturally Aspirated,No,No
Mercury,mercury,Mystique,mystique,Naturally Aspirated,No,No
Mercury,mercury,Tracer,tracer,Naturally Aspirated,No,No
Mercury,mercury,Capri,capri,Naturally Aspirated,No,No
Mercury,mercury,Topaz,topaz,Naturally Aspirated,No,No
Mercury,mercury,Capri,capri,Turbocharged,No,No
Mercury,mercury,Cougar,cougar,Supercharged,No,No
Mitsubishi,mitsubishi,Eclipse Cross,eclipse_cross,Turbocharged,No,Yes
Mitsubishi,mitsubishi,Mirage,mirage,Naturally Aspirated,No,Yes
Mitsubishi,mitsubishi,Mirage G4,mirage_g_4,Naturally Aspirated,No,Yes
Mitsubishi,mitsubishi,Outlander,outlander,Naturally Aspirated,No,Yes
Mitsubishi,mitsubishi,Outlander PHEV,outlander_phev,Naturally Aspirated,No,Yes
Mitsubishi,mitsubishi,Outlander Sport,outlander_sport,Naturally Aspirated,No,Yes
Mitsubishi,mitsubishi,Lancer,lancer,Naturally Aspirated,No,Yes
Mitsubishi,mitsubishi,i-MiEV,i_mi_ev,Electric Motor,Yes,Yes
Mitsubishi,mitsubishi,Lancer,lancer,Turbocharged,No,Yes
Mitsubishi,mitsubishi,Lancer Evolution,lancer_evolution,Turbocharged,No,Yes
Mitsubishi,mitsubishi,Lancer Sportback,lancer_sportback,Naturally Aspirated,No,Yes
Mitsubishi,mitsubishi,Eclipse,eclipse,Naturally Aspirated,No,Yes
Mitsubishi,mitsubishi,Eclipse Spyder,eclipse_spyder,Naturally Aspirated,No,Yes
Mitsubishi,mitsubishi,Galant,galant,Naturally Aspirated,No,Yes
Mitsubishi,mitsubishi,Endeavor,endeavor,Naturally Aspirated,No,Yes
Mitsubishi,mitsubishi,Lancer Sportback,lancer_sportback,Turbocharged,No,Yes
Mitsubishi,mitsubishi,Raider,raider,Naturally Aspirated,No,Yes
Mitsubishi,mitsubishi,Montero,montero,Naturally Aspirated,No,Yes
Mitsubishi,mitsubishi,Diamante,diamante,Naturally Aspirated,No,Yes
Mitsubishi,mitsubishi,Montero Sport,montero_sport,Naturally Aspirated,No,Yes
Mitsubishi,mitsubishi,3000GT,3000_gt,Naturally Aspirated,No,Yes
Mitsubishi,mitsubishi,Eclipse,eclipse,Turbocharged,No,Yes
Mitsubishi,mitsubishi,3000GT,3000_gt,Twin-Turbo,No,Yes
Mitsubishi,mitsubishi,Mighty Max Pickup,mighty_max_pickup,Naturally Aspirated,No,Yes
Mitsubishi,mitsubishi,Expo,expo,Naturally Aspirated,No,Yes
Mitsubishi,mitsubishi,Precis,precis,Naturally Aspirated,No,Yes
Mitsubishi,mitsubishi,Sigma,sigma,Naturally Aspirated,No,Yes
Mitsubishi,mitsubishi,Vanwagon,vanwagon,Naturally Aspirated,No,Yes
Nissan,nissan,Altima,altima,Naturally Aspirated,No,Yes
Nissan,nissan,Altima,altima,Turbocharged,No,Yes
Nissan,nissan,Frontier,frontier,Naturally Aspirated,No,Yes
Nissan,nissan,GT-R,gt_r,Twin-Turbo,No,Yes
Nissan,nissan,Kicks,kicks,Naturally Aspirated,No,Yes
Nissan,nissan,LEAF,leaf,Electric Motor,Yes,Yes
Nissan,nissan,Murano,murano,Naturally Aspirated,No,Yes
Nissan,nissan,Pathfinder,pathfinder,Naturally Aspirated,No,Yes
Nissan,nissan,Sentra,sentra,Naturally Aspirated,No,Yes
Nissan,nissan,Titan,titan,Naturally Aspirated,No,Yes
Nissan,nissan,Titan XD,titan_xd,Naturally Aspirated,No,Yes
Nissan,nissan,Versa,versa,Naturally Aspirated,No,Yes
Nissan,nissan,Z,z,Twin-Turbo,No,Yes
Nissan,nissan,ARIYA,ariya,Electric Motor,Yes,Yes
Nissan,nissan,Armada,armada,Naturally Aspirated,No,Yes
Nissan,nissan,Maxima,maxima,Naturally Aspirated,No,Yes
Nissan,nissan,Rogue,rogue,Turbocharged,No,Yes
Nissan,nissan,Rogue Sport,rogue_sport,Naturally Aspirated,No,Yes
Nissan,nissan,NV Cargo,nv_cargo,Naturally Aspirated,No,Yes
Nissan,nissan,NV Passenger,nv_passenger,Naturally Aspirated,No,Yes
Nissan,nissan,NV200,nv_200,Naturally Aspirated,No,Yes
Nissan,nissan,Rogue,rogue,Naturally Aspirated,No,Yes
Nissan,nissan,370Z,370_z,Naturally Aspirated,No,Yes
Nissan,nissan,Sentra,sentra,Turbocharged,No,Yes
Nissan,nissan,Titan XD,titan_xd,Turbocharged,No,Yes
Nissan,nissan,Versa Note,versa_note,Naturally Aspirated,No,Yes
Nissan,nissan,Juke,juke,Turbocharged,No,Yes
Nissan,nissan,Murano,murano,Supercharged,No,Yes
Nissan,nissan,Quest,quest,Naturally Aspirated,No,Yes
Nissan,nissan,Rogue Select,rogue_select,Naturally Aspirated,No,Yes
Nissan,nissan,Xterra,xterra,Naturally Aspirated,No,Yes
Nissan,nissan,Cube,cube,Naturally Aspirated,No,Yes
Nissan,nissan,Murano CrossCabriolet,murano_cross_cabriolet,Naturally Aspirated,No,Yes
Nissan,nissan,Pathfinder,pathfinder,Supercharged,No,Yes
Nissan,nissan,NV,nv,Naturally Aspirated,No,Yes
Nissan,nissan,Altima Hybrid,altima_hybrid,Naturally Aspirated,No,Yes
Nissan,nissan,350Z,350_z,Naturally Aspirated,No,Yes
Nissan,nissan,Frontier,frontier,Supercharged,No,Yes
Nissan,nissan,Xterra,xterra,Supercharged,No,Yes
Oldsmobile,oldsmobile,Alero,alero,Naturally Aspirated,No,No
Oldsmobile,oldsmobile,Bravada,bravada,Naturally Aspirated,No,No
Oldsmobile,oldsmobile,Silhouette,silhouette,Naturally Aspirated,No,No
Oldsmobile,oldsmobile,Aurora,aurora,Naturally Aspirated,No,No
Oldsmobile,oldsmobile,Intrigue,intrigue,Naturally Aspirated,No,No
Oldsmobile,oldsmobile,Cutlass,cutlass,Naturally Aspirated,No,No
Oldsmobile,oldsmobile,LSS,lss,Naturally Aspirated,No,No
Oldsmobile,oldsmobile,Achieva,achieva,Naturally Aspirated,No,No
Oldsmobile,oldsmobile,Regency,regency,Naturally Aspirated,No,No
Oldsmobile,oldsmobile,Ciera,ciera,Naturally Aspirated,No,No
Oldsmobile,oldsmobile,Cutlass Supreme,cutlass_supreme,Naturally Aspirated,No,No
Oldsmobile,oldsmobile,Cutlass Ciera,cutlass_ciera,Naturally Aspirated,No,No
Oldsmobile,oldsmobile,Custom Cruiser,custom_cruiser,Naturally Aspirated,No,No
Oldsmobile,oldsmobile,Toronado,toronado,Naturally Aspirated,No,No
Oldsmobile,oldsmobile,Cutlass Calais,cutlass_calais,Naturally Aspirated,No,No
Panoz,panoz,Esperante,esperante,Naturally Aspirated,No,No
Panoz,panoz,Esperante,esperante,Supercharged,No,No
Plymouth,plymouth,Neon,neon,Naturally Aspirated,No,No
Plymouth,plymouth,Prowler,prowler,Naturally Aspirated,No,No
Plymouth,plymouth,Breeze,breeze,Naturally Aspirated,No,No
Plymouth,plymouth,Grand Voyager,grand_voyager,Naturally Aspirated,No,No
Plymouth,plymouth,Voyager,voyager,Naturally Aspirated,No,No
Plymouth,plymouth,Acclaim,acclaim,Naturally Aspirated,No,No
Plymouth,plymouth,Colt,colt,Naturally Aspirated,No,No
Plymouth,plymouth,Laser,laser,Naturally Aspirated,No,No
Plymouth,plymouth,Sundance,sundance,Naturally Aspirated,No,No
Plymouth,plymouth,Sundance,sundance,Turbocharged,No,No
Plymouth,plymouth,Acclaim,acclaim,Turbocharged,No,No
Plymouth,plymouth,Horizon,horizon,Naturally Aspirated,No,No
Plymouth,plymouth,Laser,laser,Turbocharged,No,No
Plymouth,plymouth,Voyager,voyager,Turbocharged,No,No
Polestar,polestar,2,2,Electric Motor,Yes,No
Polestar,polestar,1,1,Twincharged,No,No
Pontiac,pontiac,G6,g_6,Naturally Aspirated,No,No
Pontiac,pontiac,Vibe,vibe,Naturally Aspirated,No,No
Pontiac,pontiac,G3,g_3,Naturally Aspirated,No,No
Pontiac,pontiac,G5,g_5,Naturally Aspirated,No,No
Pontiac,pontiac,G8,g_8,Naturally Aspirated,No,No
Pontiac,pontiac,Solstice,solstice,Naturally Aspirated,No,No
Pontiac,pontiac,Solstice,solstice,Turbocharged,No,No
Pontiac,pontiac,Torrent,torrent,Naturally Aspirated,No,No
Pontiac,pontiac,Grand Prix,grand_prix,Naturally Aspirated,No,No
Pontiac,pontiac,Grand Prix,grand_prix,Supercharged,No,No
Pontiac,pontiac,GTO,gto,Naturally Aspirated,No,No
Pontiac,pontiac,Montana SV6,montana_sv_6,Naturally Aspirated,No,No
Pontiac,pontiac,Aztek,aztek,Naturally Aspirated,No,No
Pontiac,pontiac,Bonneville,bonneville,Naturally Aspirated,No,No
Pontiac,pontiac,Grand Am,grand_am,Naturally Aspirated,No,No
Pontiac,pontiac,Montana,montana,Naturally Aspirated,No,No
Pontiac,pontiac,Sunfire,sunfire,Naturally Aspirated,No,No
Pontiac,pontiac,Bonneville,bonneville,Supercharged,No,No
Pontiac,pontiac,Firebird,firebird,Naturally Aspirated,No,No
Pontiac,pontiac,Trans Sport,trans_sport,Naturally Aspirated,No,No
Pontiac,pontiac,Sunbird,sunbird,Naturally Aspirated,No,No
Pontiac,pontiac,6000,6000,Naturally Aspirated,No,No
Pontiac,pontiac,Grand Prix,grand_prix,Turbocharged,No,No
Pontiac,pontiac,Sunbird,sunbird,Turbocharged,No,No
Porsche,porsche,718 Boxster,718_boxster,Turbocharged,No,Yes
Porsche,porsche,718 Boxster,718_boxster,Naturally Aspirated,No,Yes
Porsche,porsche,718 Cayman,718_cayman,Turbocharged,No,Yes
Porsche,porsche,718 Cayman,718_cayman,Naturally Aspirated,No,Yes
Porsche,porsche,911,911,Twin-Turbo,No,Yes
Porsche,porsche,911,911,Naturally Aspirated,No,Yes
Porsche,porsche,Cayenne,cayenne,Turbocharged,No,Yes
Porsche,porsche,Cayenne,cayenne,Twin-Turbo,No,Yes
Porsche,porsche,Cayenne Coupe,cayenne_coupe,Turbocharged,No,Yes
Porsche,porsche,Cayenne Coupe,cayenne_coupe,Twin-Turbo,No,Yes
Porsche,porsche,Macan,macan,Turbocharged,No,Yes
Porsche,porsche,Macan,macan,Twin-Turbo,No,Yes
Porsche,porsche,Taycan,taycan,Electric Motor,Yes,Yes
Porsche,porsche,Panamera,panamera,Twin-Turbo,No,Yes
Porsche,porsche,Panamera,panamera,Turbocharged,No,Yes
Porsche,porsche,Cayenne,cayenne,Naturally Aspirated,No,Yes
Porsche,porsche,Cayenne,cayenne,Supercharged,No,Yes
Porsche,porsche,Boxster,boxster,Naturally Aspirated,No,Yes
Porsche,porsche,Cayman,cayman,Naturally Aspirated,No,Yes
Porsche,porsche,Panamera,panamera,Naturally Aspirated,No,Yes
Porsche,porsche,Panamera,panamera,Supercharged,No,Yes
Porsche,porsche,918 Spyder,918_spyder,Naturally Aspirated,No,Yes
Porsche,porsche,Cayman S,cayman_s,Naturally Aspirated,No,Yes
Porsche,porsche,Carrera GT,carrera_gt,Naturally Aspirated,No,Yes
Porsche,porsche,928,928,Naturally Aspirated,No,Yes
Porsche,porsche,968,968,Naturally Aspirated,No,Yes
Porsche,porsche,911,911,Turbocharged,No,Yes
Porsche,porsche,944,944,Naturally Aspirated,No,Yes
Ram,ram,Promaster Window Van,promaster_window_van,Naturally Aspirated,No,Yes
Ram,ram,1500,1500,Naturally Aspirated,No,Yes
Ram,ram,1500,1500,Supercharged,No,Yes
Ram,ram,1500 Classic,1500_classic,Naturally Aspirated,No,Yes
Ram,ram,2500,2500,Naturally Aspirated,No,Yes
Ram,ram,2500,2500,Turbocharged,No,Yes
Ram,ram,3500,3500,Naturally Aspirated,No,Yes
Ram,ram,3500,3500,Turbocharged,No,Yes
Ram,ram,Promaster Cargo Van,promaster_cargo_van,Naturally Aspirated,No,Yes
Ram,ram,1500,1500,Turbocharged,No,Yes
Ram,ram,Promaster City,promaster_city,Naturally Aspirated,No,Yes
Ram,ram,1500 Classic,1500_classic,Turbocharged,No,Yes
Ram,ram,C/V Tradesman,c_v_tradesman,Naturally Aspirated,No,Yes
Ram,ram,C/V Cargo Van,c_v_cargo_van,Naturally Aspirated,No,Yes
Ram,ram,Dakota,dakota,Naturally Aspirated,No,Yes
Rivian,rivian,R1S,r_1_s,Electric Motor,Yes,No
Rivian,rivian,R1T,r_1_t,Electric Motor,Yes,No
Rolls-Royce,rolls_royce,Cullinan,cullinan,Twin-Turbo,No,No
Rolls-Royce,rolls_royce,Ghost,ghost,Twin-Turbo,No,No
Rolls-Royce,rolls_royce,Phantom,phantom,Twin-Turbo,No,No
Rolls-Royce,rolls_royce,Dawn,dawn,Twin-Turbo,No,No
Rolls-Royce,rolls_royce,Wraith,wraith,Twin-Turbo,No,No
Rolls-Royce,rolls_royce,Ghost Series II,ghost_series_ii,Twin-Turbo,No,No
Rolls-Royce,rolls_royce,Phantom Drophead Coupe,phantom_drophead_coupe,Naturally Aspirated,No,No
Rolls-Royce,rolls_royce,Phantom,phantom,Naturally Aspirated,No,No
Rolls-Royce,rolls_royce,Phantom Coupe,phantom_coupe,Naturally Aspirated,No,No
Rolls-Royce,rolls_royce,Corniche,corniche,Turbocharged,No,No
Rolls-Royce,rolls_royce,Park Ward,park_ward,Naturally Aspirated,No,No
Rolls-Royce,rolls_royce,Silver Seraph,silver_seraph,Naturally Aspirated,No,No
Saab,saab,9-3 Griffin,9_3_griffin,Turbocharged,No,No
Saab,saab,9-3,9_3,Turbocharged,No,No
Saab,saab,9-4X,9_4_x,Naturally Aspirated,No,No
Saab,saab,9-4X,9_4_x,Turbocharged,No,No
Saab,saab,9-5,9_5,Turbocharged,No,No
Saab,saab,9-7X,9_7_x,Naturally Aspirated,No,No
Saab,saab,9-2X,9_2_x,Naturally Aspirated,No,No
Saab,saab,9-2X,9_2_x,Turbocharged,No,No
Saab,saab,900,900,Turbocharged,No,No
Saab,saab,900,900,Naturally Aspirated,No,No
Saab,saab,9000,9000,Turbocharged,No,No
Saab,saab,9000,9000,Naturally Aspirated,No,No
Saturn,saturn,Aura,aura,Naturally Aspirated,No,No
Saturn,saturn,Aura Hybrid,aura_hybrid,Naturally Aspirated,No,No
Saturn,saturn,Outlook,outlook,Naturally Aspirated,No,No
Saturn,saturn,Sky,sky,Naturally Aspirated,No,No
Saturn,saturn,Sky,sky,Turbocharged,No,No
Saturn,saturn,VUE,vue,Naturally Aspirated,No,No
Saturn,saturn,VUE Hybrid,vue_hybrid,Naturally Aspirated,No,No
Saturn,saturn,Astra,astra,Naturally Aspirated,No,No
Saturn,saturn,ION,ion,Naturally Aspirated,No,No
Saturn,saturn,ION,ion,Supercharged,No,No
Saturn,saturn,Relay,relay,Naturally Aspirated,No,No
Saturn,saturn,L300,l_300,Naturally Aspirated,No,No
Saturn,saturn,L-Series,l_series,Naturally Aspirated,No,No
Saturn,saturn,S-Series,s_series,Naturally Aspirated,No,No
Scion,scion,FR-S,fr_s,Naturally Aspirated,No,No
Scion,scion,iA,i_a,Naturally Aspirated,No,No
Scion,scion,iM,i_m,Naturally Aspirated,No,No
Scion,scion,tC,t_c,Naturally Aspirated,No,No
Scion,scion,iQ,i_q,Naturally Aspirated,No,No
Scion,scion,xB,x_b,Naturally Aspirated,No,No
Scion,scion,xD,x_d,Naturally Aspirated,No,No
Scion,scion,xA,x_a,Naturally Aspirated,No,No
Spyker,spyker,C8,c_8,Naturally Aspirated,No,No
Subaru,subaru,Ascent,ascent,Turbocharged,No,Yes
Subaru,subaru,BRZ,brz,Naturally Aspirated,No,Yes
Subaru,subaru,Crosstrek,crosstrek,Naturally Aspirated,No,Yes
Subaru,subaru,Forester,forester,Naturally Aspirated,No,Yes
Subaru,subaru,Impreza,impreza,Naturally Aspirated,No,Yes
Subaru,subaru,Legacy,legacy,Naturally Aspirated,No,Yes
Subaru,subaru,Legacy,legacy,Turbocharged,No,Yes
Subaru,subaru,Outback,outback,Naturally Aspirated,No,Yes
Subaru,subaru,Outback,outback,Turbocharged,No,Yes
Subaru,subaru,Solterra,solterra,Electric Motor,Yes,Yes
Subaru,subaru,WRX,wrx,Turbocharged,No,Yes
Subaru,subaru,STI S209,sti_s_209,Turbocharged,No,Yes
Subaru,subaru,Forester,forester,Turbocharged,No,Yes
Subaru,subaru,XV Crosstrek,xv_crosstrek,Naturally Aspirated,No,Yes
Subaru,subaru,Impreza WRX,impreza_wrx,Turbocharged,No,Yes
Subaru,subaru,Tribeca,tribeca,Naturally Aspirated,No,Yes
Subaru,subaru,Impreza,impreza,Turbocharged,No,Yes
Subaru,subaru,B9 Tribeca,b_9_tribeca,Naturally Aspirated,No,Yes
Subaru,subaru,Baja,baja,Naturally Aspirated,No,Yes
Subaru,subaru,Baja,baja,Turbocharged,No,Yes
Subaru,subaru,SVX,svx,Naturally Aspirated,No,Yes
Subaru,subaru,Justy,justy,Naturally Aspirated,No,Yes
Subaru,subaru,Loyale,loyale,Naturally Aspirated,No,Yes
Subaru,subaru,XT,xt,Naturally Aspirated,No,Yes
Subaru,subaru,Loyale,loyale,Turbocharged,No,Yes
Suzuki,suzuki,Grand Vitara,grand_vitara,Naturally Aspirated,No,No
Suzuki,suzuki,Kizashi,kizashi,Naturally Aspirated,No,No
Suzuki,suzuki,SX4,sx_4,Naturally Aspirated,No,No
Suzuki,suzuki,Equator,equator,Naturally Aspirated,No,No
Suzuki,suzuki,XL7,xl_7,Naturally Aspirated,No,No
Suzuki,suzuki,Forenza,forenza,Naturally Aspirated,No,No
Suzuki,suzuki,Reno,reno,Naturally Aspirated,No,No
Suzuki,suzuki,Aerio,aerio,Naturally Aspirated,No,No
Suzuki,suzuki,Verona,verona,Naturally Aspirated,No,No
Suzuki,suzuki,XL-7,xl_7,Naturally Aspirated,No,No
Suzuki,suzuki,Vitara,vitara,Naturally Aspirated,No,No
Suzuki,suzuki,Esteem,esteem,Naturally Aspirated,No,No
Suzuki,suzuki,Swift,swift,Naturally Aspirated,No,No
Suzuki,suzuki,Sidekick,sidekick,Naturally Aspirated,No,No
Suzuki,suzuki,X-90,x_90,Naturally Aspirated,No,No
Suzuki,suzuki,Samurai,samurai,Naturally Aspirated,No,No
Tesla,tesla,Model 3,model_3,Electric Motor,Yes,Yes
Tesla,tesla,Model S,model_s,Electric Motor,Yes,Yes
Tesla,tesla,Model X,model_x,Electric Motor,Yes,Yes
Tesla,tesla,Model Y,model_y,Electric Motor,Yes,Yes
Tesla,tesla,Roadster,roadster,Electric Motor,Yes,Yes
Toyota,toyota,4Runner,4_runner,Naturally Aspirated,No,Yes
Toyota,toyota,Camry,camry,Naturally Aspirated,No,Yes
Toyota,toyota,Camry Hybrid,camry_hybrid,Naturally Aspirated,No,Yes
Toyota,toyota,Corolla,corolla,Naturally Aspirated,No,Yes
Toyota,toyota,Corolla Cross,corolla_cross,Naturally Aspirated,No,Yes
Toyota,toyota,Corolla Cross Hybrid,corolla_cross_hybrid,Naturally Aspirated,No,Yes
Toyota,toyota,Corolla Hatchback,corolla_hatchback,Naturally Aspirated,No,Yes
Toyota,toyota,Corolla Hybrid,corolla_hybrid,Naturally Aspirated,No,Yes
Toyota,toyota,Crown,crown,Naturally Aspirated,No,Yes
Toyota,toyota,Crown,crown,Turbocharged,No,Yes
Toyota,toyota,GR Corolla,gr_corolla,Turbocharged,No,Yes
Toyota,toyota,GR Supra,gr_supra,Turbocharged,No,Yes
Toyota,toyota,Grand Highlander,grand_highlander,Turbocharged,No,Yes
Toyota,toyota,Grand Highlander Hybrid,grand_highlander_hybrid,Naturally Aspirated,No,Yes
Toyota,toyota,Grand Highlander Hybrid,grand_highlander_hybrid,Turbocharged,No,Yes
Toyota,toyota,Prius,prius,Naturally Aspirated,No,Yes
Toyota,toyota,Prius Prime,prius_prime,Naturally Aspirated,No,Yes
Toyota,toyota,RAV4,rav_4,Naturally Aspirated,No,Yes
Toyota,toyota,RAV4 Hybrid,rav_4_hybrid,Naturally Aspirated,No,Yes
Toyota,toyota,RAV4 Prime,rav_4_prime,Naturally Aspirated,No,Yes
Toyota,toyota,Sequoia,sequoia,Twin-Turbo,No,Yes
Toyota,toyota,Sienna,sienna,Naturally Aspirated,No,Yes
Toyota,toyota,Tundra,tundra,Twin-Turbo,No,Yes
Toyota,toyota,Venza,venza,Naturally Aspirated,No,Yes
Toyota,toyota,GR86,gr_86,Naturally Aspirated,No,Yes
Toyota,toyota,Highlander,highlander,Turbocharged,No,Yes
Toyota,toyota,Highlander Hybrid,highlander_hybrid,Naturally Aspirated,No,Yes
Toyota,toyota,Mirai,mirai,Naturally Aspirated,No,Yes
Toyota,toyota,Tacoma,tacoma,Naturally Aspirated,No,Yes
Toyota,toyota,bZ4X,b_z_4_x,Electric Motor,Yes,Yes
Toyota,toyota,Avalon,avalon,Naturally Aspirated,No,Yes
Toyota,toyota,Avalon Hybrid,avalon_hybrid,Naturally Aspirated,No,Yes
Toyota,toyota,C-HR,c_hr,Naturally Aspirated,No,Yes
Toyota,toyota,Highlander,highlander,Naturally Aspirated,No,Yes
Toyota,toyota,Sequoia,sequoia,Naturally Aspirated,No,Yes
Toyota,toyota,Land Cruiser,land_cruiser,Naturally Aspirated,No,Yes
Toyota,toyota,Tundra,tundra,Naturally Aspirated,No,Yes
Toyota,toyota,86,86,Naturally Aspirated,No,Yes
Toyota,toyota,Yaris,yaris,Naturally Aspirated,No,Yes
Toyota,toyota,Yaris Hatchback,yaris_hatchback,Naturally Aspirated,No,Yes
Toyota,toyota,Prius c,prius_c,Naturally Aspirated,No,Yes
Toyota,toyota,Corolla iM,corolla_i_m,Naturally Aspirated,No,Yes
Toyota,toyota,Yaris iA,yaris_i_a,Naturally Aspirated,No,Yes
Toyota,toyota,Prius v,prius_v,Naturally Aspirated,No,Yes
Toyota,toyota,Prius Plug-in,prius_plug_in,Naturally Aspirated,No,Yes
Toyota,toyota,FJ Cruiser,fj_cruiser,Naturally Aspirated,No,Yes
Toyota,toyota,RAV4 EV,rav_4_ev,Electric Motor,Yes,Yes
Toyota,toyota,Matrix,matrix,Naturally Aspirated,No,Yes
Toyota,toyota,Camry Solara,camry_solara,Naturally Aspirated,No,Yes
Toyota,toyota,Celica,celica,Naturally Aspirated,No,Yes
Toyota,toyota,ECHO,echo,Naturally Aspirated,No,Yes
Toyota,toyota,MR2 Spyder,mr_2_spyder,Naturally Aspirated,No,Yes
Toyota,toyota,Supra,supra,Naturally Aspirated,No,Yes
Toyota,toyota,Supra,supra,Twin-Turbo,No,Yes
Toyota,toyota,T100,t_100,Naturally Aspirated,No,Yes
Toyota,toyota,Tercel,tercel,Naturally Aspirated,No,Yes
Toyota,toyota,Paseo,paseo,Naturally Aspirated,No,Yes
Toyota,toyota,MR2,mr_2,Naturally Aspirated,No,Yes
Toyota,toyota,MR2,mr_2,Turbocharged,No,Yes
Toyota,toyota,Pickup,pickup,Naturally Aspirated,No,Yes
Toyota,toyota,Previa,previa,Naturally Aspirated,No,Yes
Toyota,toyota,Previa,previa,Supercharged,No,Yes
Toyota,toyota,Celica,celica,Turbocharged,No,Yes
Toyota,toyota,Cressida,cressida,Naturally Aspirated,No,Yes
Toyota,toyota,Supra,supra,Turbocharged,No,Yes
VinFast,vin_fast,VF 8,vf_8,Electric Motor,Yes,No
Volkswagen,volkswagen,Atlas,atlas,Turbocharged,No,Yes
Volkswagen,volkswagen,Atlas Cross Sport,atlas_cross_sport,Turbocharged,No,Yes
Volkswagen,volkswagen,Golf GTI,golf_gti,Turbocharged,No,Yes
Volkswagen,volkswagen,Golf R,golf_r,Turbocharged,No,Yes
Volkswagen,volkswagen,Jetta,jetta,Turbocharged,No,Yes
Volkswagen,volkswagen,Jetta GLI,jetta_gli,Turbocharged,No,Yes
Volkswagen,volkswagen,Taos,taos,Turbocharged,No,Yes
Volkswagen,volkswagen,Tiguan,tiguan,Turbocharged,No,Yes
Volkswagen,volkswagen,Arteon,arteon,Turbocharged,No,Yes
Volkswagen,volkswagen,Atlas,atlas,Naturally Aspirated,No,Yes
Volkswagen,volkswagen,Atlas Cross Sport,atlas_cross_sport,Naturally Aspirated,No,Yes
Volkswagen,volkswagen,ID.4,id_4,Electric Motor,Yes,Yes
Volkswagen,volkswagen,Passat,passat,Turbocharged,No,Yes
Volkswagen,volkswagen,Golf,golf,Turbocharged,No,Yes
Volkswagen,volkswagen,Beetle,beetle,Turbocharged,No,Yes
Volkswagen,volkswagen,Beetle Convertible,beetle_convertible,Turbocharged,No,Yes
Volkswagen,volkswagen,Golf Alltrack,golf_alltrack,Turbocharged,No,Yes
Volkswagen,volkswagen,Golf SportWagen,golf_sport_wagen,Turbocharged,No,Yes
Volkswagen,volkswagen,e-Golf,e_golf,Electric Motor,Yes,Yes
Volkswagen,volkswagen,Passat,passat,Naturally Aspirated,No,Yes
Volkswagen,volkswagen,Tiguan Limited,tiguan_limited,Turbocharged,No,Yes
Volkswagen,volkswagen,CC,cc,Turbocharged,No,Yes
Volkswagen,volkswagen,Touareg,touareg,Naturally Aspirated,No,Yes
Volkswagen,volkswagen,CC,cc,Naturally Aspirated,No,Yes
Volkswagen,volkswagen,Eos,eos,Turbocharged,No,Yes
Volkswagen,volkswagen,Touareg,touareg,Turbocharged,No,Yes
Volkswagen,volkswagen,Jetta,jetta,Naturally Aspirated,No,Yes
Volkswagen,volkswagen,Touareg,touareg,Supercharged,No,Yes
Volkswagen,volkswagen,Beetle,beetle,Naturally Aspirated,No,Yes
Volkswagen,volkswagen,Beetle Convertible,beetle_convertible,Naturally Aspirated,No,Yes
Volkswagen,volkswagen,GTI,gti,Turbocharged,No,Yes
Volkswagen,volkswagen,Golf,golf,Naturally Aspirated,No,Yes
Volkswagen,volkswagen,Jetta Hybrid,jetta_hybrid,Turbocharged,No,Yes
Volkswagen,volkswagen,Jetta SportWagen,jetta_sport_wagen,Naturally Aspirated,No,Yes
Volkswagen,volkswagen,Jetta SportWagen,jetta_sport_wagen,Turbocharged,No,Yes
Volkswagen,volkswagen,Routan,routan,Naturally Aspirated,No,Yes
Volkswagen,volkswagen,GLI,gli,Turbocharged,No,Yes
Volkswagen,volkswagen,New Beetle,new_beetle,Naturally Aspirated,No,Yes
Volkswagen,volkswagen,Rabbit,rabbit,Naturally Aspirated,No,Yes
Volkswagen,volkswagen,Touareg 2,touareg_2,Turbocharged,No,Yes
Volkswagen,volkswagen,Touareg 2,touareg_2,Naturally Aspirated,No,Yes
Volkswagen,volkswagen,Eos,eos,Naturally Aspirated,No,Yes
Volkswagen,volkswagen,R32,r_32,Naturally Aspirated,No,Yes
Volkswagen,volkswagen,New Beetle,new_beetle,Turbocharged,No,Yes
Volkswagen,volkswagen,Phaeton,phaeton,Naturally Aspirated,No,Yes
Volkswagen,volkswagen,GTI,gti,Naturally Aspirated,No,Yes
Volkswagen,volkswagen,EuroVan,euro_van,Naturally Aspirated,No,Yes
Volkswagen,volkswagen,Cabrio,cabrio,Naturally Aspirated,No,Yes
Volkswagen,volkswagen,Golf,golf,Turbodiesel,No,Yes
Volkswagen,volkswagen,Jetta,jetta,Turbodiesel,No,Yes
Volkswagen,volkswagen,New Beetle,new_beetle,Turbodiesel,No,Yes
Volkswagen,volkswagen,Passat,passat,Turbodiesel,No,Yes
Volkswagen,volkswagen,Corrado,corrado,Naturally Aspirated,No,Yes
Volkswagen,volkswagen,Cabriolet,cabriolet,Naturally Aspirated,No,Yes
Volkswagen,volkswagen,Fox,fox,Naturally Aspirated,No,Yes
Volkswagen,volkswagen,Corrado,corrado,Supercharged,No,Yes
Volkswagen,volkswagen,Vanagon,vanagon,Naturally Aspirated,No,Yes
Volvo,volvo,S60,s_60,Turbocharged,No,Yes
Volvo,volvo,S90,s_90,Twincharged,No,Yes
Volvo,volvo,S90,s_90,Turbocharged,No,Yes
Volvo,volvo,V60,v_60,Turbocharged,No,Yes
Volvo,volvo,V60 Cross Country,v_60_cross_country,Turbocharged,No,Yes
Volvo,volvo,V90 Cross Country,v_90_cross_country,Twincharged,No,Yes
Volvo,volvo,XC40,xc_40,Turbocharged,No,Yes
Volvo,volvo,XC60,xc_60,Turbocharged,No,Yes
Volvo,volvo,XC90,xc_90,Turbocharged,No,Yes
Volvo,volvo,XC90,xc_90,Twincharged,No,Yes
Volvo,volvo,C40 Recharge,c_40_recharge,Electric Motor,Yes,Yes
Volvo,volvo,XC40 Recharge,xc_40_recharge,Electric Motor,Yes,Yes
Volvo,volvo,XC60,xc_60,Twincharged,No,Yes
Volvo,volvo,S60,s_60,Twincharged,No,Yes
Volvo,volvo,V60,v_60,Twincharged,No,Yes
Volvo,volvo,V90,v_90,Turbocharged,No,Yes
Volvo,volvo,V90,v_90,Twincharged,No,Yes
Volvo,volvo,V90 Cross Country,v_90_cross_country,Turbocharged,No,Yes
Volvo,volvo,S60 Cross Country,s_60_cross_country,Turbocharged,No,Yes
Volvo,volvo,S80,s_80,Turbocharged,No,Yes
Volvo,volvo,XC70,xc_70,Turbocharged,No,Yes
Volvo,volvo,XC60,xc_60,Naturally Aspirated,No,Yes
Volvo,volvo,XC70,xc_70,Naturally Aspirated,No,Yes
Volvo,volvo,S80,s_80,Naturally Aspirated,No,Yes
Volvo,volvo,XC90,xc_90,Naturally Aspirated,No,Yes
Volvo,volvo,C30,c_30,Turbocharged,No,Yes
Volvo,volvo,C70,c_70,Turbocharged,No,Yes
Volvo,volvo,S40,s_40,Turbocharged,No,Yes
Volvo,volvo,V50,v_50,Turbocharged,No,Yes
Volvo,volvo,S40,s_40,Naturally Aspirated,No,Yes
Volvo,volvo,V50,v_50,Naturally Aspirated,No,Yes
Volvo,volvo,V70,v_70,Naturally Aspirated,No,Yes
Volvo,volvo,S80,s_80,Twin-Turbo,No,Yes
Volvo,volvo,V70,v_70,Turbocharged,No,Yes
Volvo,volvo,S60,s_60,Naturally Aspirated,No,Yes
Volvo,volvo,XC90,xc_90,Twin-Turbo,No,Yes
Volvo,volvo,V40,v_40,Turbocharged,No,Yes
Volvo,volvo,XC,xc,Turbocharged,No,Yes
Volvo,volvo,S70,s_70,Turbocharged,No,Yes
Volvo,volvo,S70,s_70,Naturally Aspirated,No,Yes
Volvo,volvo,S90,s_90,Naturally Aspirated,No,Yes
Volvo,volvo,850,850,Naturally Aspirated,No,Yes
Volvo,volvo,960,960,Naturally Aspirated,No,Yes
Volvo,volvo,850,850,Turbocharged,No,Yes
Volvo,volvo,940,940,Naturally Aspirated,No,Yes
Volvo,volvo,940,940,Turbocharged,No,Yes
Volvo,volvo,240,240,Naturally Aspirated,No,Yes
Volvo,volvo,740,740,Naturally Aspirated,No,Yes
Volvo,volvo,740,740,Turbocharged,No,Yes
Volvo,volvo,Coupe,coupe,Turbocharged,No,Yes
Volvo,volvo,760,760,Naturally Aspirated,No,Yes
Volvo,volvo,760,760,Turbocharged,No,Yes
Volvo,volvo,780,780,Naturally Aspirated,No,Yes
Volvo,volvo,780,780,Turbocharged,No,Yes
smart,smart,EQ fortwo,eq_fortwo,Electric Motor,Yes,No
smart,smart,fortwo,fortwo,Electric Motor,Yes,No
smart,smart,fortwo,fortwo,Turbocharged,No,No
smart,smart,fortwo,fortwo,Naturally Aspirated,No,No
